sr_no,application_id,name_of_developers,region,type,application_quantum_mw,application_quantum_mw_1,substation,state,expected_date_of_connectivity
1,2200001878,NTPC LIMITED,WR,Solar,13,13,Solapur PG,Maharashtra,30-09-25
2,2200000131,AVAADA ENERGY PRIVATE LIMITED,WR,Solar,300,300,Lakadiya PS,Gujarat,30-09-25
3,2200000200,AVAADA ENERGY PRIVATE LIMITED,WR,Solar,200,200,Lakadiya PS,Gujarat,30-09-25
4,2200000218,NTPC RENEWABLE ENERGY LIMITED,WR,Wind,155,155,Bhuj PS,Gujarat,30-09-25
5,2200000070,RENEW URJA SHACHAR PRIVATE LIMITED,WR,Wind,300,300,Indore (PG),"Madhya 
Pradesh",30-09-25
6,1200003331,"Gujarat State Electricity Corporation Limited
Connectivity: 1200003331 (600MW);
LTA: 1200003326 (100MW) & 1200003327 (500MW);",WR,Solar,600,600,KPS-2 (Sec-I),Gujarat,30-09-25
7,1200003371,"Gujarat Industries Power Company Limited
Connectivity: 1200003371;
LTA: 1200003372;",WR,Solar,600,600,KPS-2 (Sec-I),Gujarat,30-09-25
8,1200003585,"NTPC Renewable Energy Limited (NREL)
Connectivity: 1200003585 (265MW);
LTA: 1200003712 (265+100MW);",WR,Solar,265,265,KPS-2 (Sec-II),Gujarat,30-09-25
9,1200003733,"NTPC Renewable Energy Limited (NREL)
Connectivity: 1200003733 (100MW);
LTA: 1200003712 (265+100MW);",WR,Solar,100,100,KPS-2 (Sec-II),Gujarat,30-09-25
10,1200003953,"NTPC Renewable Energy Limited (NREL)
Connectivity: 1200003953 (890MW);
LTA: 0430700002 (500);",WR,Solar,890,500,KPS-2 (Sec-II),Gujarat,30-09-25
11,0231400008,Renew Tej Shakti Private Limited(RTSPL),WR,Wind,180,180,Parli PG SS,Maharashtra,30-09-25
12,0231400009,Renew Tej Shakti Private Limited(RTSPL),WR,Wind,69,69,Parli PG SS,Maharashtra,30-09-25
13,0231400010,Renew Tej Shakti Private Limited(RTSPL),WR,Wind,51,51,Parli PG SS,Maharashtra,30-09-25
14,2200000818,JSW NEO ENERGY LIMITED,SR,Hybrid (RHGS),175,150,Karur PS,Tamil Nadu,13-09-25
15,2200000239,AYANA RENEWABLE POWER FOUR PRIVATE LIMITED,WR,Hybrid (RHGS),129.9,100,Bhuj PS,Gujarat,30-09-25
16,230700008,"Adani Green Energy Limited
Connectivity: 230700008;
LTA: 430700009 (1050MW);",WR,Hybrid (RHGS),1250,1050,KPS-1 (Sec-I),Gujarat,30-09-25
17,230700006,"Adani Green Energy Limited
Connectivity: 230700006;
LTA: 430700007 (1000MW);",WR,Hybrid (RHGS),1200,1000,KPS-1 (Sec-II),Gujarat,30-09-25
18,230700007,"Adani Green Energy Limited
Connectivity: 230700007;
LTA: 430700008 (1000MW);",WR,Hybrid (RHGS),1166.4,1000,KPS-1 (Sec-II),Gujarat,30-09-25
19,230700005,"Gujarat State Electricity Corporation Limited
Connectivity: 230700005;",WR,Solar,1000,1000,KPS-2 (Sec-I),Gujarat,30-09-25
20,230700009,"Adani Green Energy Limited
Connectivity: 230700009;
LTA: 430700010 (1050MW);",WR,Hybrid (RHGS),1250,1050,KPS-3 (Sec-I),Gujarat,30-09-25
21,2200000011,AVAADA INCLEAN PRIVATE LIMITED,WR,Solar,50,50,Lakadiya PS,Gujarat,30-09-25
22,2200000155,RENEW GREEN ENERGY SOLUTIONS PRIVATE LIMITED,WR,Wind,73,73,Solapur PG,Maharashtra,30-09-25
23,0231400004,Serentica Renewables India 4 Pvt. Ltd. (SRI4PL),WR,Wind,10,10,Kallam PS,Maharashtra,05-10-25
24,0331400007,Serentica Renewables India 4 Pvt. Ltd. (SRI4PL),WR,Wind,140,140,Kallam PS,Maharashtra,05-10-25
25,1200003942,ReNew Green (MHP One) Private Limited,WR,Wind,33,33,Kallam PS,Maharashtra,05-10-25
26,1200003901,TEQ Green Power XI Pvt. Ltd.(TGPXIPL),WR,Wind,200,200,Kallam PS,Maharashtra,05-10-25
27,1200003944,TEQ Green Power XI Pvt. Ltd.(TGPXIPL),WR,Wind,99,99,Kallam PS,Maharashtra,05-10-25
28,0331400002,TEQ Green Power XI Pvt. Ltd.(TGPXIPL),WR,Wind,21.6,21,Kallam PS,Maharashtra,05-10-25
29,1670224223993,Torrent Solar Power Private Limited (TSPPL),WR,Wind,66,66,Kallam PS,Maharashtra,05-10-25
30,0331400013,Torrent Solar Power Private Limited (TSPPL),WR,Wind,92,92,Kallam PS,Maharashtra,05-10-25
31,2200000035,TEQ GREEN POWER XI PRIVATE LIMITED (TGPXIPL),WR,Wind,29.7,29,Kallam PS,Maharashtra,05-10-25
32,2200000193,TATA POWER RENEWABLE ENERGY LIMITED,WR,Wind,101,101,Kallam PS,Maharashtra,05-10-25
33,2200000198,TORRENT SOLAR POWER PRIVATE LIMITED,WR,Wind,250,250,Kallam PS,Maharashtra,05-10-25
34,2200000277,SERENTICA RENEWABLES INDIA PRIVATE LIMITED,WR,Wind,200,200,Kallam PS,Maharashtra,05-10-25
35,2200000302,SERENTICA RENEWABLES INDIA PRIVATE LIMITED,WR,Wind,100,100,Kallam PS,Maharashtra,05-10-25
36,2200001090,SERENTICA RENEWABLES INDIA PRIVATE LIMITED,WR,Wind,150,150,Kallam PS,Maharashtra,05-10-25
37,2200001244,TATA POWER RENEWABLE ENERGY LIMITED,WR,Wind,111.8,10,Kallam PS,Maharashtra,05-10-25
38,2200000317,SEVEN RENEWABLE POWER PRIVATE LIMITED,WR,Wind,50,50,Bhuj PS,Gujarat,31-10-25
39,2200000386,NLC INDIA LIMITED,WR,Solar,200,200,Bhuj PS,Gujarat,31-10-25
40,0231300002,Veh Jayin Renewables Private Limited,WR,Wind,151.8,151,Rajgarh SS,"Madhya 
Pradesh",15-11-25
41,0231300004,Veh Wind Energy Private Limited,WR,Wind,75,75,Rajgarh SS,"Madhya 
Pradesh",15-11-25
42,2200000162,"PROJECT NINE RENEWABLE POWER PRIVATE
LIMITED",SR,Wind,295,295,Anantapur PS,Andhra Pradesh 30-11-25,
43,2200000318,"AYANA RENEWABLE POWER FOUR PRIVATE
LIMITED",SR,Wind,50,50,Anantapur PS,Andhra Pradesh 30-11-25,
44,"St-II:1200002501 (300 MW) 
LTA:1200003110 (211.65MW) (TSSPDCL)",NTPC Ltd.,NR,Solar,211.65,211,Bhadla-II,Rajasthan,30-11-25
45,"St-II:1200002483 (300 MW) 
LTA:1200003109 (211.65MW) (TSSPDCL)",NTPC Ltd.,NR,Solar,211.65,211,Bhadla-II,Rajasthan,30-11-25
46,"St-II:1200002483 (300 MW) 
LTA:1200003120 (88.35MW) (TSNPDCL)",NTPC Ltd.,NR,Solar,88.35,88,Bhadla-II,Rajasthan,30-11-25
49,"St-II:1200002359 (300 MW) 
LTA:1200003357 (300 MW)",ABC Solar (India) Private Limited,NR,Solar,300,300,Bhadla-II,Rajasthan,30-11-25
50,"St-II:1200002471 (300 MW) 
LTA:1200003505 (300 MW)",ACME Solar Holdings Private Limited,NR,Solar,300,300,Bhadla-II,Rajasthan,30-11-25
51,"St-II: 1200002401 (500 MW) 
LTA:1200003586 (267 MW)",Azure Power India Private Limited,NR,Solar,267,267,Bhadla-II,Rajasthan,30-11-25
52,"St-II: 1200002401 (500 MW) (233 out of 
500 MW) 1200002403(500 MW) (100",Azure Power India Private Limited,NR,Solar,333,333,Bhadla-II,Rajasthan,30-11-25
53,"St-II:1200002428 (500 MW) 
LTA:1200003685 (500 MW)",Adani Renewable Energy Holding Four Ltd.,NR,Solar,500,500,Bhadla-II,Rajasthan,30-11-25
54,"St-II:1200002403(500 MW) LTA: 
1200003843 (50 MW)",Azure Power India Private Limited,NR,Solar,50,50,Bhadla-II,Rajasthan,30-11-25
55,"St-II:1200002676 (100 MW) 
LTA:1200003882 (100 MW)",AMP Energy Green Private Limited,NR,Solar,100,100,Bhadla-II,Rajasthan,30-11-25
56,"St-II:1200003027 (110 MW) 
LTA:1200003583 (110 MW)",The Tata Power Company Limited,NR,Solar,110,110,Bikaner,Rajasthan,30-11-25
57,"St-II:1200002986 (300 MW) 
LTA:1200003933 (300 MW)",Ayana Renewable Power Three Private Limited,NR,Solar,300,300,Bikaner,Rajasthan,30-11-25
58,1200003115,Shikhar Surya (One) Private Limited,NR,Solar,70,70,Bikaner,Rajasthan,30-11-25
59,1200003301,ReNew Surya Ravi Pvt. Ltd.,NR,Solar,300,300,Bikaner,Rajasthan,30-11-25
60,"St-II:1200003683 (300 MW) 
LTA:1200003829 (300 MW",ACME Solar Holdings Private Limited,NR,Solar,300,300,Bikaner-II,Rajasthan,30-11-25
61,"St-II:1200003559(1000MW) 
LTA:1200003937(1000MW",SJVN Limited,NR,Solar,1000,1000,Bikaner-II,Rajasthan,30-11-25
62,"St-II:1200003626 (100 MW) 
LTA:412100004 (62 MW",Onevolt Energy Private Limited,NR,Solar,62,62,Bikaner-II,Rajasthan,30-11-25
63,"St-II:1200003915 (300 MW) 
LTA:412100006 (300MW)",NHPC Ltd.,NR,Solar,300,300,Bikaner-II,Rajasthan,30-11-25
64,"St-II:1200003740 (100 MW) LTA: 
0412100008 (100 MW)",Juniper Green Cosmic Private Limited,NR,Solar,100,100,Bikaner-II,Rajasthan,30-11-25
65,"St-II: 1200003625 (100 MW) LTA: 
SW…1544323119(62 MW)",Grian Energy Private Limited,NR,Solar,62,62,Bikaner-II,Rajasthan,30-11-25
66,"St-II:1200003380 (200 MW) 
LTA:1200003935 (200 MW)",Renew Dinkar Urja Pvt. Ltd.,NR,Solar,200,200,Bikaner-II,Rajasthan,30-11-25
67,"SW9999482858- M029_D001_A007- 
1671556542236",Amplus Ages Private Limited,NR,Solar,62,62,Bikaner-II,Rajasthan,30-11-25
68,412100025,Prerak Greentech Private Limited,NR,Solar,226,226,Bikaner-II,Rajasthan,30-11-25
69,1200003233,Juna Renewable Energy Pvt Ltd,NR,Solar,290,290,Bikaner-II,Rajasthan,30-11-25
70,1200003389,Juna Renewable Energy Pvt Ltd,NR,Solar,45,45,Bikaner-II,Rajasthan,30-11-25
71,412100014 (1200003838-St-II),"Serentica Renewables India Pvt. Ltd. (erstwhile Sterlite 
Power Technologies Private Limited)",NR,Solar,180,180,Bikaner-II,Rajasthan,30-11-25
72,"St-II:1200002339 (150 MW) 
LTA:1200003124 (44.17MW)(TSNPDCL)",NTPC Ltd.,NR,Solar,44.17,44,Fatehgarh-II,Rajasthan,30-11-25
73,"St-II:1200002497(90 MW) 
LTA:1200003248 (63.5 MW) (TSSPDCL",NTPC Ltd.,NR,Solar,63.5,63,Fatehgarh-II,Rajasthan,30-11-25
74,"St-II:1200002497 (90 MW) 
LTA:1200003314 (26.5 MW) (TSNPDCL)",NTPC Ltd.,NR,Solar,26.5,26,Fatehgarh-II,Rajasthan,30-11-25
75,"St-II:1200002430 (500 MW) 
LTA:1200003684 (500 MW)",Adani Renewable Energy Holding Four Limited,NR,Solar,500,500,Fatehgarh-II,Rajasthan,30-11-25
76,"St-II:1200002688 (300 MW) 
LTA:1200003947 (300 MW)",Eden Renewable Bercy Private Limited,NR,Solar,300,300,Fatehgarh-II,Rajasthan,30-11-25
77,"St-II:1200002628(400 MW) 
LTA:1200003269(400 MW",Renew Surya Roshni Private Limited,NR,Solar,400,400,"Fatehgarh-III (Sec-
I)",Rajasthan,30-11-25
78,"Connectivity Appl No.- 1200003497; LTA 
app no. 451100008 (120 MW) &",Azure Power India Pvt. Ltd.,SR,Wind,170,170,Gadag PS,Karnataka,30-11-25
79,LTA app no. 451100007,"Green Infra Wind
Connectivity Appl No.- 0451100007",SR,Wind,178.5,178,Gadag PS,Karnataka,30-11-25
80,LTA app no. 451100009,ReNew Naveen Urja Pvt. Ltd,SR,Wind,300,297,Gadag PS,Karnataka,30-11-25
81,0451100011,Serentica Renewables India Pvt. Ltd,SR,Hybrid (RHGS),132,80,Gadag PS,Karnataka,30-11-25
82,1200003761,Serentica Renewables India Pvt. Ltd,SR,Hybrid (RHGS),107,65,Gadag PS,Karnataka,30-11-25
83,1200003828,Serentica Renewables India Pvt. Ltd,SR,Hybrid (RHGS),66,40,Gadag PS,Karnataka,30-11-25
84,0451100010,Serentica Renewables India Pvt. Ltd,SR,Hybrid (RHGS),165,100,Gadag PS,Karnataka,30-11-25
85,0251100003,Green Infra Wind Energy Limited,SR,Wind,70,70,Gadag PS,Karnataka,30-11-25
86,0351100002,Green Infra Wind Energy Limited,SR,Wind,50,50,Gadag PS,Karnataka,30-11-25
87,"SW5958957243-M029_D001_A007-
1670310631002",Green Infra Wind Energy Limited,SR,Wind,1.5,1,Gadag PS,Karnataka,30-11-25
88,0251100011,Zenataris Renewable Energy Pvt. Ltd.,SR,Wind,66,66,Hiriyur,Karnataka,30-11-25
89,2200000061,"ZENATARIS RENEWABLE ENERGY PRIVATE
LIMITED",SR,Wind,171.6,171,Hiriyur,Karnataka,30-11-25
90,"LTA app no. 1200003533 (170 MW)
Connectivity Appl No.-1200002868","JSW Renew Energy
Connectivity Appl No.-1200002868",SR,Wind,170,170,Karur PS,Tamil Nadu,30-11-25
91,LTA app no. 1200003536,"JSW Neo Energy Ltd. (earstwhile JSW Future Energy 
Ltd.)",SR,Wind,150,150,Karur PS,Tamil Nadu,30-11-25
92,2200000242,TATA POWER RENEWABLE ENERGY LIMITED,SR,Wind,198,198,Karur PS,Tamil Nadu,30-11-25
93,LTA app no. 1200003577,"Tunga Renewables Energy Pvt. Ltd.
Connectivity Appl No.- 1200003577",SR,Wind,189.84,189,Koppal PS,Karnataka,30-11-25
94,"1200003530                            LTA app no. 
0451100005","Project Ten Renewable Power Pvt. Ltd.
( Connectivity Appl No.-1200003530)",SR,Wind,150,150,Koppal PS,Karnataka,30-11-25
95,1200003825,Kleio Solar Power Pvt. Ltd.,SR,Hybrid (RHGS),"209.39999999
999998",153,Koppal PS,Karnataka,30-11-25
96,1200003849,Tunga Renewable Energy Pvt. Ltd.,SR,Wind,45.07,45,Koppal PS,Karnataka,30-11-25
97,1200003392,Tunga Renewable Energy Pvt. Ltd.,SR,Wind,115,115,Koppal PS,Karnataka,30-11-25
98,1200003822,Serentica Renewable India 1 Pvt.,SR,Hybrid (RHGS),"13.333333333
333334",10,Koppal PS,Karnataka,30-11-25
99,1200003909,Serentica Renewable India 1 Pvt.,SR,Hybrid (RHGS),120,90,Koppal PS,Karnataka,30-11-25
100,0451100013,Serentica Renewable India 1 Pvt.,SR,Hybrid (RHGS),"133.33333333
333334",100,Koppal PS,Karnataka,30-11-25
103,LTA app no.1200003664,"Greenko AP01 IREP Pvt. Ltd
(Connectivity Appl No.- 1200002672)",SR,Hybrid (RHGS),900,900,Kurnool (new),Andhra Pradesh 30-11-25,
104,LTA app no. 450200009,"Greenko AP01 IREP Pvt. Ltd
Connectivity Appl No.-1200003962 )",SR,PSP,565,565,Kurnool (new),Andhra Pradesh 30-11-25,
105,0350200006,Greenko AP01 IREP Pvt. Ltd.,SR,PSP,260,260,Kurnool (new),Andhra Pradesh 30-11-25,
106,2200000012,AM GREEN ENERGY PRIVATE LIMITED,SR,Hybrid (RHGS),"989 (Solar-
675MW, 
Wind:314MW)",989,Kurnool (new),Andhra Pradesh 30-11-25,
107,2200000150,AMP ENERGY GREEN PRIVATE LIMITED,SR,Hybrid (RHGS),"Total: 187 MW
Solar: 137.5",150,Kurnool-III PS,Andhra Pradesh 30-11-25,
108,2200000231,AMP ENERGY C&I TWELVE PRIVATE LIMITED,SR,Solar,100,100,Kurnool-III PS,Andhra Pradesh 30-11-25,
109,2200000329,SAEL INDUSTRIES LIMITED,SR,Solar,300,300,Kurnool-III PS,Andhra Pradesh 30-11-25,
110,2200000330,SAEL INDUSTRIES LIMITED,SR,Solar,300,300,Kurnool-III PS,Andhra Pradesh 30-11-25,
111,2200000335,ACME CLEANTECH SOLUTIONS PRIVATE LIMITED,SR,Solar,"Solar-400MW,  400",,Kurnool-III PS,Andhra Pradesh 30-11-25,
112,2200000250,NHPC LIMITED,SR,Solar,100,100,NP Kunta PS,Andhra Pradesh 30-11-25,
113,2200000633,JINDAL POWER LIMITED,SR,Solar,52.6,52,Nellore PS,Andhra Pradesh 30-11-25,
114,LTA app no. 451100004,Project Ten Renewable Power Pvt. Ltd.,SR,Wind,300,300,Pavagada PS,Karnataka,30-11-25
115,1200003590,Solar Energy Corporation of India Ltd.,SR,Solar,200,200,Pavagada PS,Karnataka,30-11-25
116,2200000197,SPRNG AKSHAYA URJA PRIVATE LIMITED,SR,Wind,52.8,52,Pugalur,Tamil Nadu,30-11-25
117,1200002271,NTPC Ltd. (Ramagundam FSP),SR,Solar,100,100,Ramagundam,Andhra Pradesh 30-11-25,
118,1200002272,NTPC Ltd. (Simhadri FSP),SR,Solar,25,25,Simhadri,Andhra Pradesh 30-11-25,
119,2200001115,JSW RENEW ENERGY TWELVE LIMITED,SR,Hybrid (RHGS),175,140,Tuticorin-II PS,Tamil Nadu,23-12-25
120,2200001120,JSW GREEN ENERGY ONE LIMITED,SR,Solar,50,40,Tuticorin-II PS,Tamil Nadu,23-12-25
121,2200000438,JSP GREEN WIND 1 PRIVATE LIMITED,SR,Wind,300,300,Karur PS,Tamil Nadu,25-12-25
122,1200003772,Shikhar Surya (One) Private Limited,NR,Solar,105,105,Bikaner,Rajasthan,27-12-25
123,312100003,Shikhar Surya (One) Private Limited,NR,Solar,125,125,Bikaner,Rajasthan,27-12-25
124,1200003582,TP Saurya Limited,NR,Solar,300,300,Bikaner-II,Rajasthan,27-12-25
125,1200003624,Amplus Ages Private Limited,NR,Solar,38,38,Bikaner-II,Rajasthan,27-12-25
126,1200003625,Grian Energy Private Limited,NR,Solar,38,38,Bikaner-II,Rajasthan,27-12-25
127,1200003626,Onevolt Energy Private Limited,NR,Solar,38,38,Bikaner-II,Rajasthan,27-12-25
128,1200003390,Khidrat Renewable Energy Private Limited,NR,Solar,300,300,Bikaner-II,Rajasthan,27-12-25
129,1200003893,Litsolaire Energy Private Limited,NR,Solar,100,100,Bikaner-II,Rajasthan,27-12-25
130,1200003785,ALF Solar Amarsar Private Limited,NR,Solar,400,400,Bikaner-II,Rajasthan,27-12-25
131,1200003831 (Enh.),ALF Solar Amarsar Private Limited,NR,Solar,150,150,Bikaner-II,Rajasthan,27-12-25
132,1200003628,"Serentica Renewables India Pvt. Ltd. (erstwhile Sterlite 
Power Technologies Private Limited)",NR,Solar,100,100,Bikaner-II,Rajasthan,27-12-25
133,1200003838,"Serentica Renewables India Pvt. Ltd. (erstwhile Sterlite 
Power Technologies Private Limited)",NR,Solar,120,120,Bikaner-II,Rajasthan,27-12-25
134,1200003623,Juniper Nirjara Energy Private Limited,NR,Solar,50,50,Bikaner-II,Rajasthan,27-12-25
135,1200003770,Prerak Greentech Private Limited,NR,Solar,114,114,Bikaner-II,Rajasthan,27-12-25
136,1200003839,Prerak Greentech Private Limited,NR,Solar,60,60,Bikaner-II,Rajasthan,27-12-25
137,0251100010,Green Infra Wind Energy Ltd.,SR,Wind,300,300,Gadag-II PS,Karnataka,27-12-25
138,0251100006,TP Saurya Ltd.,SR,Wind,200,200,Gadag-II PS,Karnataka,27-12-25
139,0251100012,Tata Power Renewable Energy Ltd.,SR,Wind,170,170,Gadag-II PS,Karnataka,27-12-25
140,0351100009,Tata Power Renewable Energy Ltd.,SR,Wind,170,170,Gadag-II PS,Karnataka,27-12-25
141,2200000088,GREENKO KA01 IREP PRIVATE LIMITED,SR,Pump Storage,640,640,Gadag-II PS,Karnataka,27-12-25
142,0251100021,Tata Power Renewable Energy Ltd.,SR,Wind,300,300,Koppal-II PS,Karnataka,27-12-25
143,0251100013,TATA Power Renewable Energy Ltd.,SR,Wind,85,85,Koppal-II PS,Karnataka,27-12-25
144,0351100008,TATA Power Renewable Energy Ltd.,SR,Wind,85,85,Koppal-II PS,Karnataka,27-12-25
145,2200000058,TORRENT SAURYA URJA 2 PRIVATE LIMITED,SR,Wind,300,300,Koppal-II PS,Karnataka,27-12-25
146,2200000141,ABREL (RJ) PROJECTS LIMITED,SR,Wind,184,184,Koppal-II PS,Karnataka,27-12-25
147,2200000126,VEH GREEN ENERGY PRIVATE LIMITED,SR,Wind,153.6,153,Koppal-II PS,Karnataka,27-12-25
148,2200000388,FIRST ENERGY PRIVATE LIMITED,SR,Solar,100,100,NP Kunta PS,Andhra Pradesh 30-12-25,
149,1200003815,Ircon Renewable Power Ltd.,SR,Solar,500,500,Pavagada PS,Karnataka,30-12-25
150,2200000057,SOLAR ENERGY CORPORATION OF INDIA LIMITED,SR,Solar,100,100,Pavagada PS,Karnataka,30-12-25
151,"St-II:1200002699 (400 MW) 
LTA:1200003096 (400 MW)",ABC Renewable Energy Pvt. Ltd.,NR,Solar,400,400,"Fatehgarh-III (Sec-
II)",Rajasthan,31-12-25
152,"St-II:1200003813 (100 MW) 
LTA:1200003879 (100 MW)",ReNew Dinkar Jyoti Private Limited,NR,Solar,100,100,"Fatehgarh-III (Sec-
II)",Rajasthan,31-12-25
153,"St-II:1200002700 (300 MW) 
LTA:1200003931 (300 MW",IB Vogt Solar Seven Private Limited,NR,Solar,300,300,"Fatehgarh-III (Sec-
II)",Rajasthan,31-12-25
154,"St-II:1200002847 (400 MW) 
LTA:412100007 (200 MW)",XL Xergi Power Pvt. Ltd.,NR,Solar,200,200,"Fatehgarh-III (Sec-
II)",Rajasthan,31-12-25
155,1200003502,Khaba Renewable Energy Private Limited,NR,Solar,250,250,"Fatehgarh-III (Sec-
II)",Rajasthan,31-12-25
156,1200002746,ReNew Surya Jyoti Private Limited,NR,Solar,210,210,"Fatehgarh-III (Sec-
II)",Rajasthan,31-12-25
157,1200002778,RENEW SURYA PRATAP PRIVATE LIMITED,NR,Solar,210,200,"Fatehgarh-III (Sec-
II)",Rajasthan,31-12-25
158,1200003447,ReNew Solar (Shakti Three) Private Limited,NR,Solar,300,300,"Fatehgarh-III (Sec-
II)",Rajasthan,31-12-25
159,1200003488,ReNew Solar (Shakti Five) Private Limited,NR,Solar,200,200,"Fatehgarh-III (Sec-
II)",Rajasthan,31-12-25
160,1200003496,ReNew Solar (Shakti Five) Private Limited,NR,Solar,100,100,"Fatehgarh-III (Sec-
II)",Rajasthan,31-12-25
161,1200003504,ReNew Samir Shakti Private Limited,NR,Solar,100,100,"Fatehgarh-III (Sec-
II)",Rajasthan,31-12-25
162,1200003514 (Enh. St-II),ReNew Samir Shakti Private Limited,NR,Solar,100,100,"Fatehgarh-III (Sec-
II)",Rajasthan,31-12-25
163,1200003562 (Enh. St-II),ReNew Samir Shakti Private Limited,NR,Solar,100,100,"Fatehgarh-III (Sec-
II)",Rajasthan,31-12-25
166,1200002939,Energizent Power Private Limited,NR,Solar,80,80,"Fatehgarh-III (Sec-
II)",Rajasthan,31-12-25
167,412100020 (St-II: 1200002847),XL Xergi Power Private Limited,NR,Solar,200,200,"Fatehgarh-III (Sec-
II)",Rajasthan,31-12-25
168,"St-II:1200003022 (130 MW) 
LTA:1200003416 (130 MW)",AMP Energy Green Pvt. Ltd.,NR,Solar,130,130,"Fatehgarh-IV (Sec-
I)",Rajasthan,31-12-25
169,"St-II:1200003002 (380 MW) 
LTA:1200003531 (380 MW)",ABC Renewable Energy Private Limited,NR,Solar,380,380,"Fatehgarh-IV (Sec-
I)",Rajasthan,31-12-25
170,"412100009 (St-II: 1200003827, 
1200003910, 1200003958, 0312100010",Juniper Green Stellar Private Limited,NR,Hybrid (RHGS),150,150,"Fatehgarh-IV (Sec-
I)",Rajasthan,31-12-25
171,412100019 (St-II: 0312100005),AMP Energy Green Pvt. Ltd.,NR,Hybrid (RHGS),120,120,"Fatehgarh-IV (Sec-
I)",Rajasthan,31-12-25
172,1200003332,ABC RJ Land 01 Private Limited,NR,Solar,110,110,"Fatehgarh-IV (Sec-
I)",Rajasthan,31-12-25
173,1200003575,ABC RJ Land 01 Private Limited,NR,Solar,270,270,"Fatehgarh-IV (Sec-
I)",Rajasthan,31-12-25
174,2200000006,SOLARXL BETA ENERGY PRIVATE LIMITED,SR,Hybrid (RHGS),"207 (Solar-138 
MW, Wind-69",207,Gadag-II PS,Karnataka,31-12-25
175,2200000072,PROJECT NINE RENEWABLE POWER PRIVATE LIMITED,SR,Wind,480,250,Gadag-II PS,Karnataka,31-12-25
176,2200000074,SERENTICA RENEWABLES INDIA PRIVATE LIMITED,SR,Hybrid (RHGS),109,50,Gadag-II PS,Karnataka,31-12-25
177,2200000096,SERENTICA RENEWABLES INDIA PRIVATE LIMITED,SR,Wind,50,50,Gadag-II PS,Karnataka,31-12-25
178,2200000099,SERENTICA RENEWABLES INDIA PRIVATE LIMITED,SR,Wind,50,50,Gadag-II PS,Karnataka,31-12-25
179,2200000100,SERENTICA RENEWABLES INDIA PRIVATE LIMITED,SR,Wind,50,50,Gadag-II PS,Karnataka,31-12-25
180,2200000139,ABREL (RJ) PROJECTS LIMITED,SR,Wind,184,184,Gadag-II PS,Karnataka,31-12-25
181,2200000121,SERENTICA RENEWABLES INDIA PRIVATE LIMITED,SR,Hybrid (RHGS),"327MW [Solar-
153 MW & 
Wind-174MW]",150,Gadag-II PS,Karnataka,31-12-25
182,2200000238,ADITYA BIRLA RENEWABLES SUBSIDIARY LIMITED,SR,Wind,102,102,Gadag-II PS,Karnataka,31-12-25
183,2200000920,"ZENATARIS RENEWABLE ENERGY PRIVATE
LIMITED",SR,Wind,62.7,62,Hiriyur,Karnataka,31-12-25
184,0230700018,Powerica Limited,WR,Wind,53,53,"Jam Khambhaliya 
PS",Gujarat,31-12-25
185,2200000190,JUNIPER GREEN ENERGY PRIVATE LIMITED,WR,Wind,100,100,"Jam Khambhaliya 
PS",Gujarat,31-12-25
186,2200000237,ADITYA BIRLA RENEWABLES SUBSIDIARY LIMITED,SR,Wind,102,102,Koppal-II PS,Karnataka,31-12-25
187,2200000243,TATA POWER RENEWABLE ENERGY LIMITED,SR,Wind,288,288,Koppal-II PS,Karnataka,31-12-25
188,2200000262,JSP GREEN WIND 1 PRIVATE LIMITED,SR,Wind,400,400,Koppal-II PS,Karnataka,31-12-25
189,2200000402,JSP GREEN WIND 1 PRIVATE LIMITED,SR,Wind,300,300,Koppal-II PS,Karnataka,31-12-25
190,2200000472,GADAG POWER INDIA PRIVATE LIMITED,SR,Wind,300,300,Koppal-II PS,Karnataka,31-12-25
191,2200000504,AYANA RENEWABLE POWER PRIVATE LIMITED,SR,Wind,100,100,Koppal-II PS,Karnataka,31-12-25
192,0231400018,Renew Pawan Shakti Private Limited (RPSPL),WR,Wind,277,277,Parli (New),Maharashtra,31-12-25
193,0331400012,Renew Pawan Shakti Private Limited (RPSPL),WR,Wind,23,23,Parli (New),Maharashtra,31-12-25
194,2200000709,ACME CLEANTECH SOLUTIONS PRIVATE LIMITED,WR,Solar,300,300,Neemuch PS,"Madhya 
Pradesh",31-01-26
195,2200000474,TORRENT SOLAR POWER PRIVATE LIMITED,SR,Wind,125.4,125,Koppal-II PS,Karnataka,01-02-26
196,2200000086,"Oyster Renewable Energy Private Limited (formerly 
Known as ABENERGIA RENEWABLES PRIVATE LIMITED)",WR,Hybrid (RHGS),100,100,"Pachora PS (Sec-
II)","Madhya 
Pradesh",14-02-26
197,2200000342,"Oyster Renewable Energy Private Limited (Former 
name-ABENERGIA RENEWABLES PRIVATE LIMITED)",WR,Hybrid (RHGS),81,81,"Pachora PS (Sec-
II)","Madhya 
Pradesh",14-02-26
198,2200000404,BHOJRAJ DEVELOPERS PRIVATE LIMITED,WR,Hybrid (RHGS) Wind: 160,"MW
Solar: 26 MW",186,"Pachora PS (Sec-
II)","Madhya 
Pradesh",14-02-26
199,2200000092,GREENKO KA01 IREP PRIVATE LIMITED,SR,Pump Storage,260,260,Gadag-II PS,Karnataka,16-02-26
200,1200002987 (Enh.),AMP Energy Green Private Limited,NR,Solar,100,100,Bhadla-II,Rajasthan,28-02-26
201,1200002554,Eden Renewable Alma Private Limited,NR,Solar,300,300,Bhadla-II,Rajasthan,28-02-26
202,1200002742,Solarpack Corporacion Technologica S.A.,NR,Solar,300,300,Bhadla-II,Rajasthan,28-02-26
203,1200002559,AMP Energy Green Pvt. Ltd.,NR,Solar,100,100,Bhadla-II,Rajasthan,28-02-26
204,"SW9990894382- M029_D001_A007- 
1671216520154
(0212100003)",Prerak Greentech Solar Private Limited (Park),NR,Solar,400,400,Bhadla-III,Rajasthan,28-02-26
205,"412100012, 0212100027 (St-II)",Juniper Green Beta Pvt. Ltd.,NR,Solar,150,150,Bhadla-III,Rajasthan,28-02-26
206,"412100013, 0312100013 (St-II), 
1670400777119 (St-II)",Juniper Green Beta Pvt. Ltd.,NR,Solar,100,100,Bhadla-III,Rajasthan,28-02-26
207,"SW9990897533- M029_D001_A007- 
1672319027575, 0212100030 (St-II)",Tepsol Sun Sparkle Pvt. Ltd.,NR,Solar,300,300,Bhadla-III,Rajasthan,28-02-26
208,"412100027 (SW5102826596-
M029_D001_A003-1670400777119 
(10MW out of 70MW) + 0312100011",Juniper Green Beta Private Limited,NR,Solar,50,50,Bhadla-III,Rajasthan,28-02-26
209,2200000716,WELSPUN NARMADA PRIVATE LIMITED,SR,Hybrid (RHGS),"250 (150 MW 
Wind & 100 
MW Solar)",250,Bidar PS,Karnataka,28-02-26
210,2200000441,FIRST ENERGY PRIVATE LIMITED,SR,Wind,100,100,Karur PS,Tamil Nadu,28-02-26
211,2200000628,NANNAI SOLAR PARK PRIVATE LIMITED,SR,Wind,93,93,Karur PS,Tamil Nadu,28-02-26
212,"St-II: 1200002432(500 MW) 
LTA:1200003689 (500 MW)",Adani Renewable Energy Holding Four Ltd.,NR,Solar,500,500,Ramgarh,Rajasthan,28-02-26
213,2200000395,TATA POWER RENEWABLE ENERGY LIMITED,WR,Wind,101,101,Kallam PS,Maharashtra,01-03-26
214,2200000450,TATA POWER RENEWABLE ENERGY LIMITED,WR,Wind,100.8,100,Kallam PS,Maharashtra,01-03-26
215,2200000448,TATA POWER RENEWABLE ENERGY LIMITED,SR,Wind,93.6,93,Karur PS,Tamil Nadu,01-03-26
216,2200000394,TATA POWER RENEWABLE ENERGY LIMITED,SR,Wind,151,151,Pugalur,Tamil Nadu,01-03-26
217,2200000449,TATA POWER RENEWABLE ENERGY LIMITED,SR,Wind,151.2,151,Pugalur,Tamil Nadu,01-03-26
218,2200000390,TATA POWER RENEWABLE ENERGY LIMITED,SR,Solar,"200-Solar;
25-BESS",225,Koppal-II PS,Karnataka,02-03-26
221,2200000270,SOLARCRAFT POWER INDIA 7 PRIVATE LIMITED,WR,Wind,52.8,52,"Solapur PS (400 
Sec-I)",Maharashtra,20-03-26
222,2200000409,SOLARCRAFT POWER INDIA 7 PRIVATE LIMITED,WR,Wind,47.2,47,"Solapur PS (400 
Sec-I)",Maharashtra,20-03-26
223,2200000356,VEH DAMEN POWER PRIVATE LIMITED,WR,Wind,76.8,76,"Pachora PS (Sec-
I)","Madhya 
Pradesh",30-03-26
224,2200000032,RENEW VIKRAM SHAKTI PRIVATE LIMITED,SR,Hybrid (RHGS),"Solar-750MW, 
Wind:960MW, 
BESS-288)",1484,Anantapur PS,Andhra Pradesh 31-03-26,
225,2200000271,ABC CLEANTECH PRIVATE LIMITED,SR,Wind,250,250,Anantapur PS,Andhra Pradesh 31-03-26,
226,2200000273,ABC CT RE PARK (03) PRIVATE LIMITED,SR,Wind,250,250,Anantapur PS,Andhra Pradesh 31-03-26,
227,212100040,JSW Renew Energy Five Limited,NR,Storage,250,250,Fatehgarh-III,Rajasthan,31-03-26
228,"412100010 (St-II: 1200003827, 
1200003910, 1200003958, 0312100010 
& 0312100012)",Juniper Green Stellar Private Limited,NR,Hybrid (RHGS),150,150,"Fatehgarh-IV (Sec-
I)",Rajasthan,31-03-26
229,2200000298,RENEW SAMIR URJA PRIVATE LIMITED,WR,Wind,300,300,Indore (PG),"Madhya 
Pradesh",31-03-26
230,2200001148,JSW RENEW ENERGY THIRTEEN LIMITED,WR,Solar,300,300,Solapur PG,Maharashtra,31-03-26
231,2200001158,WAAREE FOREVER ENERGIES PRIVATE LIMITED,WR,Solar,1000,700,Solapur PG,Maharashtra,31-03-26
232,231400016,JSW Renew Energy Three Limited,WR,Wind,200,0,Solapur PS,Maharashtra,31-03-26
233,2200000718,JSW NEO ENERGY LIMITED,WR,Wind,300,300,"Solapur PS (400 
Sec-I)",Maharashtra,31-03-26
234,2200000440,SOLARCRAFT POWER INDIA 16 PVT. LTD.,WR,Hybrid (RHGS) Wind - 191.4,"MW, Solar - 56 
MW, BESS - 91 
MW)",150,"Solapur PS (400 
Sec-I)",Maharashtra,01-04-26
235,2200001047,SOLARCRAFT POWER INDIA 16 PRIVATE LIMITED,WR,Hybrid (RHGS),247.4,35,"Solapur PS (400 
Sec-I)",Maharashtra,01-04-26
236,2200000566,NTPC RENEWABLE ENERGY LIMITED,WR,Wind,20,10,Bhuj PS,Gujarat,16-04-26
237,2200000759,SAEL INDUSTRIES LIMITED,SR,Solar,300,300,Bidar PS,Karnataka,22-04-26
238,2200000311,TEQ GREEN POWER XVII PRIVATE LIMITED,WR,Hybrid (RHGS),"300
(200MW Solar",300,Lakadiya PS,Gujarat,30-04-26
239,2200000502,ACME CLEANTECH SOLUTIONS PRIVATE LIMITED,WR,Solar,400,400,"Pachora PS (Sec-
II)","Madhya 
Pradesh",30-04-26
240,2200000594,GRT JEWELLERS (INDIA) PRIVATE LIMITED,SR,Solar,150,150,Tuticorin-II PS,Tamil Nadu,04-05-26
241,2200000310,TEQ GREEN POWER XVIII PRIVATE LIMITED,SR,Wind,250,200,Pavagada PS,Karnataka,22-05-26
242,2200000339,"KARNATAKA SOLAR POWER DEVELOPMENT
CORPORATION LIMITED",SR,Solar,300,300,Pavagada PS,Karnataka,22-05-26
243,2200000069,ACME CLEANTECH SOLUTIONS PRIVATE LIMITED,SR,Wind,400,400,Anantapur PS,Andhra Pradesh 31-05-26,
244,2200000754,SKADAR SOLAR PRIVATE LIMITED,WR,Solar,200,200,"Solapur PS (400 
Sec-I)",Maharashtra,31-05-26
245,2200000274,ABC CT RE PARK (02) PRIVATE LIMITED,SR,Wind,250,250,Anantapur PS,Andhra Pradesh 30-06-26,
246,2200000276,ABC CT RE PARK (01) PRIVATE LIMITED,SR,Wind,250,250,Anantapur PS,Andhra Pradesh 30-06-26,
247,1200003848,ReNew Solar (Shakti Six) Private Limited,NR,Solar,550,550,Bhadla-III,Rajasthan,30-06-26
248,312100004 (Enh.),ReNew Solar (Shakti Six) Private Limited,NR,Solar,450,450,Bhadla-III,Rajasthan,30-06-26
249,"St-II: 312100010 (45 MW) (5 out of 45 
MW), 312100012 (60 MW) LTA: 
0412100011(65 MW)",Juniper Green Steller Pvt. Ltd.,NR,Solar,65,65,"Fatehgarh-IV (Sec-
I)",Rajasthan,30-06-26
250,2200000209,JUNIPER GREEN ENERGY PRIVATE LIMITED,WR,Wind,200,200,"Jam Khambhaliya 
PS",Gujarat,30-06-26
251,1200002678,Adani Renewable Energy Holding Four Ltd. (AREH4L),WR,Solar,1083,1083,KPS-1 (Sec-I),Gujarat,30-06-26
252,1200002679,Adani Renewable Energy Holding Four Ltd. (AREH4L),WR,Solar,1000,1000,KPS-1 (Sec-I),Gujarat,30-06-26
253,1670426092248,Adani Green Energy Ltd.,WR,Hybrid (RHGS),1050,1050,KPS-1 (Sec-I),Gujarat,30-06-26
254,"SW6949744157-M029_D001_A002-
1670426695890
Connectivity: 1670426695890","Adani Green Energy Limited
Connectivity: 1670426695890;
LTA: 1670929494955 (250MW);",WR,Wind,250,250,KPS-1 (Sec-II),Gujarat,30-06-26
255,0230700011,Sarjan Realities Pvt. Ltd. (SRPL),WR,Hybrid (RHGS),1150,1150,KPS-1 (Sec-II),Gujarat,30-06-26
256,0230700012,Sarjan Realities Pvt. Ltd. (SRPL),WR,Hybrid (RHGS),1332,1250,KPS-3 (Sec-I),Gujarat,30-06-26
257,2200000383,HERO SOLAR ENERGY PRIVATE LIMITED,SR,Hybrid (RHGS),"Solar: 150MW
Wind: 150MW
BESS: 30MWh",270,Kurnool-III PS,Andhra Pradesh 30-06-26,
258,2200000610,SERENTICA RENEWABLES INDIA PRIVATE LIMITED,WR,Hybrid (RHGS),"480
(240 MW: 
Wind 240 
MW: Solar)",200,Lakadiya PS,Gujarat,30-06-26
259,2200000747,TATA POWER RENEWABLE ENERGY LIMITED,WR,Wind,180,180,Parli (New),Maharashtra,30-06-26
260,2200000247,SPRNG POWER EARTH PRIVATE LIMITED,WR,Solar,250,250,Radhanesda PS,Gujarat,30-06-26
261,2200000795,SOLARCRAFT POWER INDIA 20 PRIVATE LIMITED,WR,Hybrid (RHGS),97.31,50,"Solapur PS (400 
Sec-I)",Maharashtra,30-06-26
262,2200001028,SOLARCRAFT POWER INDIA 20 PRIVATE LIMITED,WR,Hybrid (RHGS),84.75,15,"Solapur PS (400 
Sec-I)",Maharashtra,30-06-26
263,2200000158,ADANI RENEWABLE ENERGY FORTY TWO LIMITED,SR,Pump Storage,600,600,Kurnool-III PS,Andhra Pradesh 01-07-26,
264,0230700014,Sarjan Realities Pvt. Ltd. (SRPL),WR,Hybrid (RHGS),1100,1100,KPS-3 (Sec-I),Gujarat,31-07-26
265,2200000324,ARCELORMITTAL NIPPON STEEL INDIA LIMITED,WR,Hybrid (RHGS),"550 (Wind 
250MW+Solar 
300MW)",350,Lakadiya PS,Gujarat,14-08-26
268,2200000284,AK RENEWABLE INFRA PRIVATE LIMITED,NR,Solar,300,300,Bikaner,Rajasthan,22-08-26
269,312100008 (Enh.),ALF Solar Amarsar Private Limited,NR,Solar,50,50,Bikaner-II,Rajasthan,22-08-26
270,212100005,Sourya Manthan Renewable Energy Private Limited,NR,Solar,100,100,Bikaner-II,Rajasthan,22-08-26
271,212100007,"Soltown Infra Private Limited
(Park)",NR,Solar,350,350,Bikaner-II,Rajasthan,22-08-26
272,212100008,"Soltown Infra Private Limited
(Park)",NR,Solar,150,125,Bikaner-II,Rajasthan,22-08-26
273,212100042,Proteus Energy Private Limited (Park),NR,Solar,217,217,Bikaner-III,Rajasthan,22-08-26
274,212100025,TP Saurya Limited,NR,Solar,300,300,Bikaner-III,Rajasthan,22-08-26
275,2200000008,ACME CLEANTECH SOLUTIONS PRIVATE LIMITED,NR,Solar,300,300,Bikaner-III,Rajasthan,22-08-26
276,2200000098,MRS BUILDVISION PRIVATE LIMITED,NR,Solar,50,1000,Bikaner-III,Rajasthan,22-08-26
277,2200000111,SUNBREEZE RENEWABLES NINE PRIVATE LIMITED,NR,Solar,400,400,Bikaner-III,Rajasthan,22-08-26
278,2200000163,SUNBREEZE RENEWABLES NINE PRIVATE LIMITED,NR,Solar,1000,1000,Bikaner-III,Rajasthan,22-08-26
279,2200000172,SUNSURE SOLARPARK RJ ONE PRIVATE LIMITED,NR,Solar,50,50,Bikaner-III,Rajasthan,22-08-26
280,2200000167,SAIMAA SOLAR PRIVATE LIMITED,NR,Solar,150,150,Bikaner-III,Rajasthan,22-08-26
281,2200000164,SUNSURE SOLARPARK RJ ONE PRIVATE LIMITED,NR,Solar,50,50,Bikaner-III,Rajasthan,22-08-26
282,2200000165,SUNSURE SOLARPARK RJ ONE PRIVATE LIMITED,NR,Solar,50,50,Bikaner-III,Rajasthan,22-08-26
283,2200000227,SUNSURE SOLARPARK RJ ONE PRIVATE LIMITED,NR,Solar,50,50,Bikaner-III,Rajasthan,22-08-26
284,2200000228,SUNSURE SOLARPARK RJ ONE PRIVATE LIMITED,NR,Solar,50,50,Bikaner-III,Rajasthan,22-08-26
285,212100034,Serentica Renewable India Pvt. Ltd.,NR,Solar,300,300,"Fatehgarh-III (Sec-
II)",Rajasthan,22-08-26
286,212100036,Serentica Renewable India Pvt. Ltd.,NR,Solar,300,300,"Fatehgarh-III (Sec-
II)",Rajasthan,22-08-26
287,2200000020,SERENTICA RENEWABLES INDIA PRIVATE LIMITED,NR,Solar,300,300,"Fatehgarh-III (Sec-
II)",Rajasthan,22-08-26
288,2200000024,SPRNG POWER PRIVATE LIMITED,NR,Solar,400,300,"Fatehgarh-III (Sec-
II)",Rajasthan,22-08-26
289,2200000065,SPRNG AKSHAYA URJA PRIVATE LIMITED,NR,Solar,100,100,"Fatehgarh-III (Sec-
II)",Rajasthan,22-08-26
290,2200000116,SPRNG ENERGY PRIVATE LIMITED,NR,Solar,400,400,"Fatehgarh-III (Sec-
II)",Rajasthan,22-08-26
291,2200000140,ABREL (RJ) PROJECTS LIMITED,NR,Solar,260,260,"Fatehgarh-III (Sec-
II)",Rajasthan,22-08-26
292,2200000123,TEQ GREEN POWER XV PRIVATE LIMITED,NR,Solar,95,95,"Fatehgarh-III (Sec-
II)",Rajasthan,22-08-26
293,2200000138,ADITYA BIRLA RENEWABLES SUBSIDIARY LIMITED,NR,Hybrid (RHGS),390,390,"Fatehgarh-III (Sec-
II)",Rajasthan,22-08-26
294,212100032,Luceo Solar Pvt. Ltd.,NR,Solar,200,200,"Fatehgarh-IV (Sec-
I)",Rajasthan,22-08-26
295,0312100018 (Enhancement),Luceo Solar Pvt. Ltd.,NR,Solar,100,100,"Fatehgarh-IV (Sec-
I)",Rajasthan,22-08-26
296,312100007,AMP Energy Green Pvt. Ltd.,NR,Hybrid (RHGS),50,50,"Fatehgarh-IV (Sec-
I)",Rajasthan,22-08-26
297,2200000003,BN HYBRID POWER-1 PRIVATE LIMITED,NR,Hybrid (RHGS),119.2,119,"Fatehgarh-IV (Sec-
I)",Rajasthan,22-08-26
298,2200000102,BN HYBRID POWER-1 PRIVATE LIMITED,NR,Hybrid (RHGS),180.8,180,"Fatehgarh-IV (Sec-
I)",Rajasthan,22-08-26
299,2200000187,RENEW SOLAR POWER PRIVATE LIMITED,NR,Solar,300,300,"Fatehgarh-IV (Sec-
II)",Rajasthan,22-08-26
300,212100028,Seven Renewable Power Pvt. Ltd.,NR,Solar,300,300,Bhadla-III,Rajasthan,30-08-26
301,212100031,Frugal Energy Pvt. Ltd.,NR,Solar,50,50,Bhadla-III,Rajasthan,30-08-26
302,212100033,Bhadla Three SKP Green Ventures Pvt. Ltd.,NR,Solar,300,300,Bhadla-III,Rajasthan,30-08-26
303,212100038,Adani Solar Energy AP Three Ltd.,NR,Solar,150,150,Ramgarh,Rajasthan,30-08-26
304,2200000657,TEPSOL GREEN ENERGY PRIVATE LIMITED,SR,Hybrid (RHGS),"200 (Wind- 
160 & Solar-
40)",200,Bijapur PS,Karnataka,31-08-26
305,2200000625,LAYER HYBREN PRIVATE LIMITED,SR,Hybrid (RHGS),"140 (100- 
Solar; 40 
Wind)",140,Davangere PS,Karnataka,31-08-26
306,2200000948,SAEL INDUSTRIES LIMITED,SR,Solar,300,300,Tumkur-II PS,Karnataka,04-09-26
307,2200000226,SEVEN RENEWABLE POWER PRIVATE LIMITED,SR,Wind,150,150,Anantapur PS,Andhra Pradesh 30-09-26,
308,2200000152,SOLARCRAFT POWER INDIA 4 PRIVATE LIMITED,NR,Solar,150,150,Bhadla-II,Rajasthan,30-09-26
309,2200000702,LAYER HYBREN PRIVATE LIMITED,SR,Hybrid (RHGS),"160 (110- 
Solar; 50 
Wind)",160,Davangere PS,Karnataka,30-09-26
310,2200000075,AVAADA ENERGY PRIVATE LIMITED,WR,Wind,50,50,Kallam PS,Maharashtra,30-09-26
311,2200000353,AVAADA ENERGY PRIVATE LIMITED,WR,Wind,250,250,Kallam PS,Maharashtra,30-09-26
312,2200000341,RENEW SOLAR (SHAKTI EIGHT) PRIVATE LIMITED,WR,Solar,200,200,Lakadiya PS,Gujarat,30-09-26
313,2200000398,TEQ GREEN POWER XVI PRIVATE LIMITED,WR,Wind,76,76,Lakadiya PS,Gujarat,30-09-26
314,2200000403,RENEW SOLAR (SHAKTI EIGHT) PRIVATE LIMITED,WR,Solar,100,100,Lakadiya PS,Gujarat,30-09-26
315,2200000427,TEQ GREEN POWER XVI PRIVATE LIMITED,WR,Wind,76,76,Lakadiya PS,Gujarat,30-09-26
316,2200001012,SAEL INDUSTRIES LIMITED,SR,Solar,300,300,Tumkur-II PS,Karnataka,30-09-26
317,1200002678,"Adani Renewable Energy Holding Four Ltd. (Erstwhile 
Adani Green Energy Four Ltd.)",WR,Solar,917,917,KPS-1 (Sec-I),Gujarat,01-10-26
318,2200001054,TATA POWER RENEWABLE ENERGY LIMITED,WR,Wind,220,220,Parli (New),Maharashtra,01-10-26
319,2200000246,MOUNTING RENEWABLE POWER LIMITED,WR,Hybrid (RHGS),250,250,"Jam Khambhaliya 
PS",Gujarat,14-10-26
320,2200000261,AIRPOWER WINDFARMS PRIVATE LIMITED,WR,Wind,175,175,"Jam Khambhaliya 
PS",Gujarat,14-10-26
321,2200000263,ACME SUN POWER PRIVATE LIMITED,WR,Wind,400,400,"Jam Khambhaliya 
PS",Gujarat,14-10-26
322,2200000241,NTPC RENEWABLE ENERGY LIMITED,WR,Wind,545,45,"Jam Khambhaliya 
PS",Gujarat,14-10-26
323,2200000445,AVAADA ENERGY PRIVATE LIMITED,WR,Wind,100,100,"Jam Khambhaliya 
PS",Gujarat,14-10-26
324,2200000473,POWERICA LIMITED,WR,Wind,50,50,"Jam Khambhaliya 
PS",Gujarat,14-10-26
325,2200000503,INDIANOIL NTPC GREEN ENERGY PRIVATE LIMITED,WR,Wind,308.49,147,"Jam Khambhaliya 
PS",Gujarat,14-10-26
326,2200000556,AVAADA ENERGY PRIVATE LIMITED,WR,Wind,200,50,"Jam Khambhaliya 
PS",Gujarat,14-10-26
327,2200000565,NTPC RENEWABLE ENERGY LIMITED,WR,Wind,80,14,"Jam Khambhaliya 
PS",Gujarat,14-10-26
328,2200000337,MALAREN SOLAR PRIVATE LIMITED,WR,Solar,150,150,"Jam Khambhaliya 
PS",Gujarat,14-10-26
331,212100043,"EG Saur Urja Pvt. Ltd.
(earlier Tepsol Saur Urja Private Limited)",NR,Solar,300,300,"Fatehgarh-IV (Sec-
II)",Rajasthan,15-10-26
332,312100019,Cannice Renewables Energy Private Limited,NR,Hybrid (RHGS),90,90,"Fatehgarh-IV (Sec-
II)",Rajasthan,15-10-26
333,SW…1671600589106,Cannice Renewables Energy Private Limited,NR,Solar,150,150,"Fatehgarh-IV (Sec-
II)",Rajasthan,15-10-26
334,212100004,Cannice Renewable Energy Private Limited,NR,Solar,80,80,"Fatehgarh-IV (Sec-
II)",Rajasthan,15-10-26
335,2200000089,GREENKO MP01 IREP PRIVATE LIMITED,WR,Pump Storage,504,504,"Mandsaur PS 
(Sec-I)","Madhya 
Pradesh",15-10-26
336,2200000090,GREENKO MP01 IREP PRIVATE LIMITED,WR,Pump Storage,504,504,"Mandsaur PS 
(Sec-I)","Madhya 
Pradesh",15-10-26
337,2200000091,GREENKO MP01 IREP PRIVATE LIMITED,WR,Pump Storage,504,504,"Mandsaur PS 
(Sec-I)","Madhya 
Pradesh",15-10-26
338,2200001083,ADANI WIND ENERGY KUTCHH THREE LIMITED,WR,Wind,300,300,Navinal,Gujarat,30-10-26
339,2200000153,TEQ GREEN POWER XV PRIVATE LIMITED,NR,Solar,300,300,Barmer-I,Rajasthan,07-11-26
340,2200000161,ACME CLEANTECH SOLUTIONS PRIVATE LIMITED,NR,Solar,400,400,Barmer-I,Rajasthan,07-11-26
341,2200000181,EDEN RENEWABLE CADET PRIVATE LIMITED,NR,Solar,300,300,Barmer-I,Rajasthan,07-11-26
342,2200000286,ENREN-I ENERGY PRIVATE LIMITED,NR,Solar,300,300,Barmer-I,Rajasthan,07-11-26
343,2200000281,ANBOTO SOLAR PRIVATE LIMITED,NR,Solar,250,250,Barmer-I,Rajasthan,07-11-26
344,2200000244,NTPC RENEWABLE ENERGY LIMITED,NR,Solar,150,150,Bikaner-IV,Rajasthan,07-11-26
345,2200000054,GREEN INFRA CLEAN WIND TECHNOLOGY LIMITED,NR,Solar,300,300,"Fatehgarh-IV (Sec-
II)",Rajasthan,07-11-26
346,2200000067,UTKRRISHT SOLAR ENERGY PRIVATE LIMITED,NR,Solar,300,300,"Fatehgarh-IV (Sec-
II)",Rajasthan,07-11-26
347,2200000077,AVAADA ENERGY PRIVATE LIMITED,NR,Hybrid (RHGS),50,50,"Fatehgarh-IV (Sec-
II)",Rajasthan,07-11-26
348,2200000103,BN DISPATCHABLE-1 PRIVATE LIMITED,NR,Hybrid (RHGS),300,300,"Fatehgarh-IV (Sec-
II)",Rajasthan,07-11-26
349,2200000120,HELIA ENERGY PARK PRIVATE LIMITED,NR,Solar,100,100,"Fatehgarh-IV (Sec-
II)",Rajasthan,07-11-26
350,2200000135,GREEN INFRA CLEAN SOLAR FARMS LIMITED,NR,Solar,300,110,"Fatehgarh-IV (Sec-
II)",Rajasthan,07-11-26
351,2200000186,RENEW SOLAR POWER PRIVATE LIMITED,NR,Solar,300,300,"Fatehgarh-IV (Sec-
II)",Rajasthan,07-11-26
352,2200000212,RADIANT STAR SOLAR PARK PRIVATE LIMITED,NR,Solar,300,100,"Fatehgarh-IV (Sec-
II)",Rajasthan,07-11-26
353,2200000290,AVAADA ENERGY PRIVATE LIMITED,NR,Hybrid (RHGS),250,250,"Fatehgarh-IV (Sec-
II)",Rajasthan,07-11-26
354,2200000485,JUNIPER GREEN ENERGY PRIVATE LIMITED,NR,Solar,50,50,"Fatehgarh-IV (Sec-
II)",Rajasthan,07-11-26
355,2200000320,AYANA RENEWABLE POWER PRIVATE LIMITED,SR,Wind,150,150,Pavagada PS,Karnataka,09-11-26
356,2200000184,DESHRAJ SOLAR ENERGY PRIVATE LIMITED,NR,Solar,300,300,Bikaner-III,Rajasthan,11-11-26
357,2200000221,FIRST ENERGY PRIVATE LIMITED,NR,Solar,100,100,Bikaner-III,Rajasthan,11-11-26
358,2200000013,AVAADA RJBIKANER PRIVATE LIMITED,NR,Solar,50,50,Bikaner-IV,Rajasthan,11-11-26
359,2200000210,SOLARCRAFT POWER INDIA 17 PRIVATE LIMITED,NR,Solar,300,300,Bikaner-IV,Rajasthan,11-11-26
360,2200000254,AVAADA RJBIKANER PRIVATE LIMITED,NR,Solar,600,600,Bikaner-IV,Rajasthan,11-11-26
361,2200000289,AVAADA ENERGY PRIVATE LIMITED,NR,Solar,300,300,Bikaner-IV,Rajasthan,11-11-26
362,2200000306,SHUDH SOLAR POWER PRIVATE LIMITED,NR,Solar,250,250,Bikaner-IV,Rajasthan,11-11-26
363,2200000308,NTPC RENEWABLE ENERGY LIMITED,NR,Solar,700,700,Bikaner-IV,Rajasthan,11-11-26
364,2200000334,HAZEL HYBREN PRIVATE LIMITED,NR,Solar,300,300,Bikaner-IV,Rajasthan,11-11-26
365,2200000319,AM GREEN ENERGY PRIVATE LIMITED,NR,Solar,300,300,Bikaner-IV,Rajasthan,11-11-26
366,2200000333,FURIES SOLREN PRIVATE LIMITED,NR,Solar,300,300,Bikaner-IV,Rajasthan,11-11-26
367,2200000343,IRAAX INTERNATIONAL (OPC) PRIVATE LIMITED,NR,Solar,300,300,Bikaner-IV,Rajasthan,11-11-26
368,2200000344,CLEAN MAX GAMMA PRIVATE LIMITED,NR,Solar,300,300,Bikaner-IV,Rajasthan,11-11-26
369,2200000373,NTPC RENEWABLE ENERGY LIMITED,NR,Solar,400,400,Bikaner-IV,Rajasthan,11-11-26
370,2200000358,NTPC RENEWABLE ENERGY LIMITED,NR,Solar,250,250,Bikaner-IV,Rajasthan,11-11-26
371,2200000423,SJVN GREEN ENERGY LIMITED,NR,Solar,1000,500,Bikaner-IV,Rajasthan,11-11-26
372,2200000420,NTPC RENEWABLE ENERGY LIMITED,NR,Solar,1000,400,Bikaner-IV,Rajasthan,11-11-26
373,2200000634,INDIANOIL NTPC GREEN ENERGY PRIVATE LIMITED,WR,Solar,600,600,Bhuj PS,Gujarat,19-11-26
374,2200000658,PURVAH GREEN POWER PRIVATE LIMITED,WR,Wind,99,99,Bhuj PS,Gujarat,19-11-26
375,2200000729,NLC INDIA LIMITED,WR,Solar,100,100,Bhuj PS,Gujarat,19-11-26
376,2200000783,OYSTER GREEN HYBRID ONE PRIVATE LIMITED,WR,Wind,99,99,Bhuj PS,Gujarat,19-11-26
377,2200000808,NLC INDIA LIMITED,WR,Wind,50,50,Bhuj PS,Gujarat,19-11-26
378,2200000981,HEXA CLIMATE SOLUTIONS PRIVATE LIMITED,WR,Wind,75.6,75,Bhuj PS,Gujarat,19-11-26
379,2200001070,"CONTINUUM POWER TRADING (TN) PRIVATE
LIMITED",WR,Wind,36,36,Bhuj PS,Gujarat,19-11-26
380,2200000048,"GUJARAT STATE ELECTRICITY CORPORATION
LIMITED",WR,Solar,3325,1725,KPS-2 (Sec-I),Gujarat,19-11-26
381,2200000093,NTPC RENEWABLE ENERGY LIMITED,WR,Solar,1995,1995,KPS-2 (Sec-I),Gujarat,19-11-26
382,1200003953,NTPC Renewable Energy Limited (NREL),WR,Solar,390,390,KPS-2 (Sec-II),Gujarat,19-11-26
383,0330700007,"NTPC Renewable Energy Limited
(NTPC REL)",WR,Solar,300,300,KPS-2 (Sec-II),Gujarat,19-11-26
384,0230700010,NTPC Renewable Energy Limited,WR,Solar,1200,1200,KPS-3 (Sec-I),Gujarat,19-11-26
385,0230700013,Sarjan Realities Pvt. Ltd. (SRPL),WR,Hybrid (RHGS),1250,1250,KPS-3 (Sec-II),Gujarat,19-11-26
386,0230700015,NHPC Limited,WR,Solar,600,600,KPS-3 (Sec-II),Gujarat,19-11-26
387,2200000639,RDS SOLAR PARK PRIVATE LIMITED,WR,Solar,350,350,Lakadiya PS,Gujarat,19-11-26
388,2200000673,PERCENTUM RENEWABLES PRIVATE LIMITED,WR,Hybrid (RHGS),"100MW: Solar
200MW: Wind
Revised to 
50MW Solar & 
98MW Wind.",148,Lakadiya PS,Gujarat,19-11-26
389,2200000204,SJVN GREEN ENERGY LIMITED,WR,Solar,360,360,Bhuj-II PS (Sec-I),Gujarat,24-11-26
390,2200000288,ABREL (RJ) PROJECTS LIMITED,WR,Hybrid (RHGS),314,314,Bhuj-II PS (Sec-II),Gujarat,24-11-26
391,2200000321,ADITYA BIRLA RENEWABLES SUBSIDIARY LIMITED,WR,Hybrid (RHGS),362,362,Bhuj-II PS (Sec-II),Gujarat,18-12-26
392,2200000389,CGE RENEWABLES PRIVATE LIMITED,WR,Hybrid (RHGS) Wind: 30 MW,Solar: 60 MW,90,Bhuj-II PS (Sec-II),Gujarat,18-12-26
393,2200000444,AVAADA ENERGY PRIVATE LIMITED,WR,Solar,100,100,Bhuj-II PS (Sec-II),Gujarat,18-12-26
394,2200000537,AVAADA ENERGY PRIVATE LIMITED,WR,Solar,300,200,Bhuj-II PS (Sec-II),Gujarat,18-12-26
397,2200000387,ACME CLEANTECH SOLUTIONS PRIVATE LIMITED,NR,Solar,600,600,Fatehgarh-II,Rajasthan,21-12-26
398,2200000396,ACME CLEANTECH SOLUTIONS PRIVATE LIMITED,NR,Solar,250,250,Fatehgarh-II,Rajasthan,21-12-26
399,2200000411,ENFINITY GLOBAL SURYA KIRAN PRIVATE LIMITED,NR,Solar,300,300,Barmer-I,Rajasthan,30-12-26
400,2200000312,AUXO SUNLIGHT PRIVATE LIMITED,NR,Solar,300,300,Barmer-I,Rajasthan,30-12-26
401,2200000316,RENEW SUN POWER PRIVATE LIMITED,NR,Solar,300,300,Barmer-I,Rajasthan,30-12-26
402,2200000412,"ANDHRA PRADESH RESCO ROOFTOP SOLAR PRIVATE 
LIMITED",NR,Solar,300,300,Barmer-I,Rajasthan,30-12-26
403,2200000425,HINDUJA RENEWABLES ENERGY PRIVATE LIMITED,NR,Solar,250,250,Barmer-I,Rajasthan,30-12-26
404,2200000492,ANBOTO SOLAR PRIVATE LIMITED,NR,Solar,300,50,Barmer-I,Rajasthan,30-12-26
405,2200000355,"GAMMA RENEWABLES INDIA PROJECT ONE
PRIVATE LIMITED",NR,Solar,300,300,"Fatehgarh-IV (Sec-
II)",Rajasthan,30-12-26
406,2200000348,NTPC RENEWABLE ENERGY LIMITED,NR,Solar,900,900,"Fatehgarh-IV (Sec-
II)",Rajasthan,30-12-26
407,2200000422,HERO SOLAR ENERGY PRIVATE LIMITED,SR,Hybrid (RHGS),"Solar: 188MW
Wind: 201 
MW
BESS: 30MWh",300,Bidar PS,Karnataka,31-12-26
408,"1200003889
(Enh.)","Soltown Infra Private Limited
(Park)",NR,Solar,200,200,Bikaner-II,Rajasthan,31-12-26
409,2200000050,ASSAM POWER DISTRIBUTION COMPANY LIMITED,NER,Solar,750,750,Bokajan (ISTS),Assam,31-12-26
410,2200000081,AVAADA ENERGY PRIVATE LIMITED,WR,Wind,50,50,Dhule PS (Sec-I),Maharashtra,31-12-26
411,2200001036,AVAADA ENERGY PRIVATE LIMITED,WR,Wind,160,160,Dhule PS (Sec-I),Maharashtra,31-12-26
412,2200001035,AVAADA ENERGY PRIVATE LIMITED,WR,Wind,80,80,Dhule PS (Sec-I),Maharashtra,31-12-26
413,2200000063,JUNIPER GREEN STELLAR PRIVATE LIMITED,NR,Solar,300,300,"Fatehgarh-IV (Sec-
II)",Rajasthan,31-12-26
414,0251100015,Halvad Renewables Pvt. Ltd.,SR,Wind,130,130,Gadag PS,Karnataka,31-12-26
415,2200000698,AMPLUS SUN BEAT PRIVATE LIMITED,SR,Wind,80,80,Karur PS,Tamil Nadu,31-12-26
416,2200000699,"AMPLUS THETA ENERGY PVT. LTD.  [ERSTWHILE 
AMPLUS CENEDUS SOLAR PVT. LTD.]",SR,Wind,65,65,Karur PS,Tamil Nadu,31-12-26
417,2200000127,VENA ENERGY AURA PRIVATE LIMITED,SR,Wind,50,50,Koppal-II PS,Karnataka,31-12-26
418,2200000282,VENA ENERGY AURA PRIVATE LIMITED,SR,Wind,50,50,Koppal-II PS,Karnataka,31-12-26
419,2200000513,VENA ENERGY AURA PRIVATE LIMITED,SR,Wind,40,24,Koppal-II PS,Karnataka,31-12-26
420,2200000236,HERO SOLAR ENERGY PRIVATE LIMITED,SR,Hybrid (RHGS),"Solar: 150 MW
Wind:159 MW",270,Kurnool-III PS,Andhra Pradesh 31-12-26,
421,2200000543,AMPLUS EVEREST SOLAR PRIVATE LIMITED,SR,Hybrid (RHGS),"228(Solar:105
MW; Wind: 
126 MW)",130,Kurnool-III PS,Andhra Pradesh 31-12-26,
422,2200000544,AMPLUS IIFA SOLAR PRIVATE LIMITED,SR,Hybrid (RHGS),"228(Solar:105
MW; Wind: 
126 MW)",130,Kurnool-III PS,Andhra Pradesh 31-12-26,
423,2200000458,GANEKO SOLAR PRIVATE LIMITED,WR,Hybrid (RHGS),337.36,290,Lakadiya PS,Gujarat,31-12-26
424,2200000515,GANEKO SOLAR PRIVATE LIMITED,WR,Hybrid (RHGS),11.63,10,Lakadiya PS,Gujarat,31-12-26
425,2200000976,ADYANT ENERSOL PRIVATE LIMITED,WR,Hybrid (RHGS),84,84,"Mandsaur PS 
(Sec-I)","Madhya 
Pradesh",31-12-26
426,2200000924,ACME CLEANTECH SOLUTIONS PRIVATE LIMITED,WR,Solar,150,150,"Mandsaur PS 
(Sec-II)","Madhya 
Pradesh",31-12-26
427,2200000899,BHOJRAJ RENEWABLES ENERGY PRIVATE LIMITED,WR,Wind,300,300,"Mandsaur PS 
(Sec-II)","Madhya 
Pradesh",31-12-26
428,2200000345,BUNDELKHAND SAUR URJA LIMITED,NR,Solar,1200,1200,Orai,UP,31-12-26
429,2200000082,AVAADA ENERGY PRIVATE LIMITED (AEPL),WR,Solar,50,50,"Pachora PS (Sec-
II)","Madhya 
Pradesh",31-12-26
430,2200000267,AVAADA ENERGY PRIVATE LIMITED,WR,Solar,250,250,"Pachora PS (Sec-
II)","Madhya 
Pradesh",31-12-26
431,2200001437,RENEW SOLAR POWER PRIVATE LIMITED,WR,Wind,100,100,Parli (New),Maharashtra,31-12-26
432,2200000461,SPRNG ENERGY PRIVATE LIMITED,WR,Solar,100,100,Radhanesda PS,Gujarat,31-12-26
433,0331300007,Sprng Vayu Vidyut Pvt Ltd (SVVPL),WR,Wind,100.8,100,Rajgarh SS,"Madhya 
Pradesh",31-12-26
434,2200000022,SPRNG VAYU VIDYUT PRIVATE LIMITED,WR,Wind,100,100,Rajgarh SS,"Madhya 
Pradesh",31-12-26
435,2200000133,SPRNG AKSHAYA URJA PRIVATE LIMITED,WR,Wind,67.2,67,Rajgarh SS,"Madhya 
Pradesh",31-12-26
436,2200000083,AVAADA ENERGY PRIVATE LIMITED,WR,Wind,50,50,"Solapur PS (400 
Sec-I)",Maharashtra,31-12-26
437,2200000132,AVAADA ENERGY PRIVATE LIMITED,WR,Hybrid (RHGS),"50 (Wind) : 
revised from 
Hybrid (25S & 
25W)after 
final grant",50,"Solapur PS (400 
Sec-I)",Maharashtra,31-12-26
438,2200001008,GANEKO TWO ENERGY PRIVATE LIMITED,WR,Hybrid (RHGS),354,300,"Solapur PS (400 
Sec-I)",Maharashtra,31-12-26
439,2200001082,ACME SOLAR HOLDINGS LIMITED,SR,Solar,350,350,Pavagada PS,Karnataka,01-01-27
440,2200000171,APRAAVA ENERGY PRIVATE LIMITED,SR,Wind,300,300,Bijapur PS,Karnataka,17-01-27
441,2200000393,TATA POWER RENEWABLE ENERGY LIMITED,SR,Wind,252,252,Bijapur PS,Karnataka,17-01-27
442,2200000397,TEQ GREEN POWER XVI PRIVATE LIMITED,SR,Wind,125,125,Bijapur PS,Karnataka,17-01-27
443,2200000429,TEQ GREEN POWER XVI PRIVATE LIMITED,SR,Wind,175,175,Bijapur PS,Karnataka,17-01-27
444,2200000447,TATA POWER RENEWABLE ENERGY LIMITED,SR,Wind,50.4,50,Bijapur PS,Karnataka,17-01-27
445,2200000584,"UPC RENEWABLES INDIA MANAGEMENT PRIVATE 
LIMITED",SR,Wind,160,160,Bijapur PS,Karnataka,17-01-27
446,2200000687,EG SOLWIN RENEWABLES PRIVATE LIMITED,SR,Wind,100,100,Bijapur PS,Karnataka,17-01-27
447,2200000045,TATA POWER RENEWABLE ENERGY LIMITED,SR,Solar,500,400,Gadag-II PS,Karnataka,17-01-27
448,2200000199,AVAADA ENERGY PRIVATE LIMITED,SR,Wind,50,50,Gadag-II PS,Karnataka,17-01-27
449,2200000385,AVAADA ENERGY PRIVATE LIMITED,SR,Solar,250,250,Gadag-II PS,Karnataka,17-01-27
450,2200000434,NTPC RENEWABLE ENERGY LIMITED,SR,Wind,350,350,Gadag-II PS,Karnataka,17-01-27
451,2200001214,ADYANT ENERSOL PRIVATE LIMITED,WR,Hybrid (RHGS),164,164,"Mandsaur PS 
(Sec-I)","Madhya 
Pradesh",31-01-27
452,2200001192,WAAREE RENEWABLE TECHNOLOGIES LIMITED,WR,Solar,300,300,"Mandsaur PS 
(Sec-II)","Madhya 
Pradesh",31-01-27
453,2200001289,ACME SOLAR HOLDINGS LIMITED,WR,Solar,200,200,"Mandsaur PS 
(Sec-II)","Madhya 
Pradesh",31-01-27
454,2200000419,FURIES SOLREN PRIVATE LIMITED,NR,Solar,300,300,Bikaner-IV,Rajasthan,05-02-27
457,2200001321,TEQ GREEN POWER XX PRIVATE LIMITED,SR,Solar,300,300,Pavagada PS,Karnataka,15-03-27
458,2200000660,SERENTICA RENEWABLES INDIA PRIVATE LIMITED,SR,Hybrid (RHGS),"720(Solar:360 
MW; Wind: 
360)",300,Davangere PS,Karnataka,22-03-27
459,2200000701,ILLUMINATE HYBREN PRIVATE LIMITED,SR,Solar,300,300,Davangere PS,Karnataka,22-03-27
460,2200000700,FURIES SOLREN PRIVATE LIMITED,SR,Solar,300,300,Davangere PS,Karnataka,22-03-27
461,2200000714,GENTARI RENEWABLES INDIA CASTOR ONE PVT. LTD,SR,Wind,350,350,Davangere PS,Karnataka,22-03-27
462,2200001044,"ADANI RENEWABLE ENERGY HOLDING EIGHTEEN 
LIMITED",NR,Solar,50,50,Bhadla-II,Rajasthan,24-03-27
463,2200001065,ACME CLEANTECH SOLUTIONS PRIVATE LIMITED,NR,Solar,150,150,Fatehgarh-II,Rajasthan,24-03-27
464,2200001375,GREENKO MP01 IREP PRIVATE LIMITED,WR,Pump Storage,512,512,"Mandsaur PS 
(Sec-I)","Madhya 
Pradesh",24-03-27
465,2200000823,BANYAN ENERGY PRIVATE LIMITED,NR,Solar,300,300,Merta-II,Rajasthan,24-03-27
466,2200000644,SERENTICA RENEWABLES INDIA PRIVATE LIMITED,NR,Solar,300,300,Sirohi,Rajasthan,24-03-27
467,2200000646,ILLUMINATE HYBREN PRIVATE LIMITED,NR,Solar,300,300,Sirohi,Rajasthan,24-03-27
468,2200000518,CESC LTD,NR,Solar,300,300,Sirohi,Rajasthan,24-03-27
469,2200000551,RENEW SOLAR POWER PRIVATE LIMITED,NR,Solar,400,400,Sirohi,Rajasthan,24-03-27
470,2200000843,SAEL INDUSTRIES LIMITED,SR,Solar,300,250,Kurnool-IV PS,Andhra Pradesh 25-03-27,
471,2200000844,SAEL INDUSTRIES LIMITED,SR,Solar,300,300,Kurnool-IV PS,Andhra Pradesh 25-03-27,
472,2200000919,TATA POWER RENEWABLE ENERGY LIMITED,SR,Solar,400,400,Kurnool-IV PS,Andhra Pradesh 25-03-27,
473,2200000931,"GENTARI RENEWABLES INDIA CASTOR ONE
PRIVATE LIMITED",SR,Wind,230,230,Kurnool-IV PS,Andhra Pradesh 25-03-27,
474,2200000713,AMPLUS CENEDUS SOLAR PRIVATE LIMITED,SR,Wind,350,350,Anantapur PS,Andhra Pradesh 28-03-27,
475,2200000733,INDOSOL SOLAR PRIVATE LIMITED,SR,Solar,800,800,Kurnool-III PS,Andhra Pradesh 28-03-27,
476,2200000735,INDOSOL SOLAR PRIVATE LIMITED,SR,Solar,900,900,Kurnool-III PS,Andhra Pradesh 28-03-27,
477,2200001003,ACME SOLAR HOLDINGS PRIVATE LIMITED,SR,Solar,500,500,Anantapur-II PS,Andhra Pradesh 31-03-27,
478,2200001074,JSW NEO ENERGY LIMITED,SR,Solar,500,500,Anantapur-II PS,Andhra Pradesh 31-03-27,
479,2200001077,SERENTICA RENEWABLES INDIA PRIVATE LIMITED,SR,Hybrid (RHGS),432,300,Anantapur-II PS,Andhra Pradesh 31-03-27,
480,2200000305,JUNIPER GREEN ENERGY PRIVATE LIMITED,NR,Solar,300,300,Barmer-I,Rajasthan,31-03-27
481,2200000640,HERO SOLAR ENERGY PRIVATE LIMITED,SR,Hybrid (RHGS),"Total: 312 MW
Solar: 132 MW",250,Bidar PS,Karnataka,31-03-27
482,2200000285,"SUNSURE SOLARPARK FOURTEEN PRIVATE
LIMITED",NR,Solar,300,300,Bikaner-IV,Rajasthan,31-03-27
483,2200000292,RENEW VAYU ENERGY PRIVATE LIMITED,SR,Hybrid (RHGS),"300
Solar-200 MW
Wind-100 MW",300,Gadag-II PS,Karnataka,31-03-27
484,2200000229,AMP ENERGY GREEN PRIVATE LIMITED,SR,Hybrid (RHGS),"Solar: 85 MW
Wind:118.8",200,Kurnool-III PS,Andhra Pradesh 31-03-27,
485,2200000500,JUNIPER GREEN ENERGY PRIVATE LIMITED,WR,Wind,150,150,Lakadiya PS,Gujarat,31-03-27
486,2200000641,SERENTICA RENEWABLES INDIA PRIVATE LIMITED,WR,Hybrid (RHGS),"480
(240 MW: 
Wind 240 
MW: Solar)",200,Lakadiya PS,Gujarat,31-03-27
487,2200000720,GANEKO ONE ENERGY PRIVATE LIMITED,WR,Hybrid (RHGS),"Solar - 255 
MW, Wind - 
99 MW",300,"Mandsaur PS 
(Sec-I)","Madhya 
Pradesh",31-03-27
488,2200000798,ADYANT POWER PRIVATE LIMITED,WR,Hybrid (RHGS),200,200,"Mandsaur PS 
(Sec-I)","Madhya 
Pradesh",31-03-27
489,2200001301,NTPC RENEWABLE ENERGY LIMITED,WR,Solar,300,300,"Mandsaur PS 
(Sec-II)","Madhya 
Pradesh",31-03-27
490,2200000840,ACME SOLAR HOLDINGS PRIVATE LIMITED,NR,Solar,300,300,Merta-II,Rajasthan,31-03-27
491,2200000848,HEXA CLIMATE SOLUTIONS PRIVATE LIMITED,NR,Solar,300,300,Merta-II,Rajasthan,31-03-27
492,2200000728,AVAADA ENERGY PRIVATE LIMITED,WR,Solar,500,500,Neemuch PS,"Madhya 
Pradesh",31-03-27
493,2200000938,AVAADA ENERGY PRIVATE LIMITED,WR,Solar,500,470,Neemuch PS,"Madhya 
Pradesh",31-03-27
494,2200000617,JADE HYBREN PRIVATE LIMITED,WR,Solar,300,300,"Pachora PS (Sec-
II)","Madhya 
Pradesh",31-03-27
495,2200000817,AVAADA ENERGY PRIVATE LIMITED,WR,Hybrid (RHGS),334,334,"Pachora PS (Sec-
III)","Madhya 
Pradesh",31-03-27
496,2200000883,PURVAH GREEN POWER PRIVATE LIMITED,WR,Wind,297,297,"Pachora PS (Sec-
III)","Madhya 
Pradesh",31-03-27
497,2200000923,WAFT ENERGY PRIVATE LIMITED,WR,Wind,100,100,"Pachora PS (Sec-
III)","Madhya 
Pradesh",31-03-27
498,2200000956,AVAADA ENERGY PRIVATE LIMITED,WR,Solar,240,240,"Pachora PS (Sec-
III)","Madhya 
Pradesh",31-03-27
499,2200000995,OYSTER GREEN HYBRID THREE PRIVATE LIMITED,WR,Hybrid (RHGS),140,140,"Pachora PS (Sec-
III)","Madhya 
Pradesh",31-03-27
500,2200001061,JAGALURU SOLAR POWER PRIVATE LIMITED,SR,Solar,300,300,Tumkur-II PS,Karnataka,31-03-27
501,2200001124,NCL INDUSTRIES LTD,SR,Hybrid (RHGS),220,130,Tuticorin-II PS,Tamil Nadu,31-03-27
502,2200001996,INDIANOIL NTPC GREEN ENERGY PRIVATE LIMITED,SR,Solar,200,200,Tuticorin-II PS,Tamil Nadu,31-03-27
503,2200002003,VIVID SOLAIRE ENERGY PRIVATE LIMITED,SR,Wind,50,50,Tuticorin-II PS,Tamil Nadu,31-03-27
504,2200000872,PURVAH GREEN POWER PRIVATE LIMITED,SR,Wind,349.8,349,Anantapur-II PS,Andhra Pradesh 01-04-27,
507,2200000736,INDOSOL SOLAR PRIVATE LIMITED,SR,Solar,900,900,Kurnool-III PS,Andhra Pradesh 01-04-27,
508,2200000758,"VAYUNA RENEWABLES INDIA PROJECT PRIVATE 
LIMITED",NR,Solar,300,300,Sirohi,Rajasthan,01-04-27
509,2200000586,SUNSURE SOLARPARK RJ ONE PRIVATE LIMITED,SR,Wind,252,252,Bijapur PS,Karnataka,30-04-27
510,2200000752,ASNEN SOLAR PRIVATE LIMITED,WR,Solar,200,200,"Mandsaur PS 
(Sec-I)","Madhya 
Pradesh",31-05-27
511,2200000812,"Sembcorp Green Infra Pvt. Ltd.
(erstwhile Green Infra Wind Energy Private Limited)",NR,Solar,300,300,Merta-II,Rajasthan,31-05-27
512,2200000813,GREEN INFRA WIND ENERGY PRIVATE LIMITED,NR,Solar,300,300,Merta-II,Rajasthan,31-05-27
513,2200000524,GREENKO UP01 IREP PRIVATE LIMITED,NR,Pump Storage,672,672,Robertsganj,UP,31-05-27
514,2200000525,GREENKO UP01 IREP PRIVATE LIMITED,NR,Pump Storage,672,672,Robertsganj,UP,31-05-27
515,2200000526,GREENKO UP01 IREP PRIVATE LIMITED,NR,Pump Storage,672,672,Robertsganj,UP,31-05-27
516,2200000999,ORION HYBREN PRIVATE LIMITED,SR,Hybrid (RHGS),300,300,Tumkur-II PS,Karnataka,31-05-27
517,2200000410,GREEN INFRA RENEWABLE PROJECTS LIMITED,NR,Solar,600,600,Barmer-I,Rajasthan,01-06-27
518,2200000437,GREEN INFRA CLEAN WIND LIMITED,NR,Solar,300,300,Bhadla-II,Rajasthan,01-06-27
519,2200001001,PULSE HYBREN PRIVATE LIMITED,SR,Solar,300,300,Bidar PS,Karnataka,01-06-27
520,2200000435,GREEN INFRA RENEWABLE PROJECTS LIMITED,SR,Wind,300,300,Gadag-II PS,Karnataka,02-06-27
521,2200001356,JSP GREEN PRIVATE LIMITED,WR,Wind,350,350,"Mandsaur PS 
(Sec-III)","Madhya 
Pradesh",15-06-27
522,2200000780,RENEW SOLAR POWER PRIVATE LIMITED,SR,Wind,400,400,Anantapur-II PS,Andhra Pradesh 30-06-27,
523,2200001000,ORION HYBREN PRIVATE LIMITED,SR,Hybrid (RHGS),300,300,Anantapur-II PS,Andhra Pradesh 30-06-27,
524,2200000560,SPRNG POWERINFRA PRIVATE LIMITED,SR,Wind,200,200,Bidar PS,Karnataka,30-06-27
525,2200001150,AVAADA ENERGY PRIVATE LIMITED,WR,Wind,200,200,Dhule PS (Sec-I),Maharashtra,30-06-27
526,1200003719,Sprng Pavana Urja Private Limited,NR,Solar,50,50,"Fatehgarh-IV (Sec-
II)",Rajasthan,30-06-27
527,2200000018,SPRNG PAVANA URJA PRIVATE LIMITED,NR,Solar,100,100,"Fatehgarh-IV (Sec-
II)",Rajasthan,30-06-27
528,2200000253,JUNIPER GREEN ENERGY PRIVATE LIMITED,WR,Wind,100,100,"Jam Khambhaliya 
PS",Gujarat,30-06-27
529,2200000376,JUNIPER GREEN ENERGY PRIVATE LIMITED,WR,Wind,300,300,Lakadiya PS,Gujarat,30-06-27
530,2200001280,NTPC RENEWABLE ENERGY LIMITED,WR,Solar,300,300,"Mandsaur PS 
(Sec-II)","Madhya 
Pradesh",30-06-27
531,2200001279,NTPC RENEWABLE ENERGY LIMITED,WR,Solar,300,300,"Mandsaur PS 
(Sec-II)","Madhya 
Pradesh",30-06-27
532,2200001325,AVAADA ENERGY PRIVATE LIMITED,WR,Solar,47,47,"Pachora PS (Sec-
III)","Madhya 
Pradesh",30-06-27
533,2200000460,SPRNG ENERGY PRIVATE LIMITED,WR,Solar,150,150,Radhanesda PS,Gujarat,30-06-27
534,2200000546,SPRNG VAYU VIDYUT PRIVATE LIMITED,WR,Solar,50,50,Radhanesda PS,Gujarat,30-06-27
535,2200001014,JSW NEO ENERGY LIMITED,WR,Solar,200,200,Raghanesda PS,Gujarat,30-06-27
536,2200001020,JSW NEO ENERGY LIMITED,WR,Solar,200,200,Raghanesda PS,Gujarat,30-06-27
537,2200001064,ACME SOLAR HOLDINGS LIMITED,WR,Solar,400,400,Raghanesda PS,Gujarat,30-06-27
538,2200000340,SPRNG VAYU VIDYUT PRIVATE LIMITED,WR,Wind,82,82,Rajgarh SS,"Madhya 
Pradesh",30-06-27
539,2200000779,RENEW SOLAR POWER PRIVATE LIMITED,NR,Solar,300,300,Sirohi,Rajasthan,30-06-27
540,2200001002,QUEST HYBREN PRIVATE LIMITED,SR,Solar,300,300,Bidar PS,Karnataka,01-07-27
541,2200000685,GREENKO RJ01 IREP PRIVATE LIMITED,WR,Pump Storage,880,880,Morena PS,"Madhya 
Pradesh",31-07-27
542,2200000842,PURVAH GREEN POWER PRIVATE LIMITED,NR,Solar,300,300,Merta-II,Rajasthan,01-09-27
543,2200000825,NTPC RENEWABLE ENERGY LIMITED,SR,Wind,76,76,Bellary PS,Karnataka,22-09-27
544,2200001103,NTPC RENEWABLE ENERGY LIMITED,SR,Wind,55,55,Bellary PS,Karnataka,22-09-27
545,2200001102,NTPC RENEWABLE ENERGY LIMITED,SR,Wind,345,345,Bellary PS,Karnataka,22-09-27
546,2200001113,"GENTARI RENEWABLES INDIA UTILITIES 2 PRIVATE
LIMITED",SR,Solar,400,400,Bellary PS,Karnataka,22-09-27
547,2200001114,"GENTARI RENEWABLES INDIA UTILITIES 2 PRIVATE
LIMITED",SR,Wind,132,132,Bellary PS,Karnataka,22-09-27
548,2200001140,ACME CLEANTECH SOLUTIONS PRIVATE LIMITED,SR,Solar,300,300,Bellary PS,Karnataka,22-09-27
549,2200001138,SERENTICA RENEWABLES INDIA 11 PRIVATE LIMITED,SR,Wind,100,100,Bellary PS,Karnataka,22-09-27
550,2200000876,JADE HYBREN PRIVATE LIMITED,SR,Hybrid (RHGS),300,300,Davangere PS,Karnataka,30-09-27
551,2200000932,JSW NEO ENERGY LIMITED,SR,Wind,325,325,Davangere PS,Karnataka,30-09-27
552,2200001019,JSW NEO ENERGY LIMITED,SR,Wind,100,100,Davangere PS,Karnataka,30-09-27
553,2200001015,JSW NEO ENERGY LIMITED,SR,Wind,100,100,Davangere PS,Karnataka,30-09-27
554,2200000991,RENEW SOLAR POWER PRIVATE LIMITED,WR,Solar,200,200,Neemuch PS,"Madhya 
Pradesh",30-09-27
555,2200000993,RENEW SOLAR POWER PRIVATE LIMITED,WR,Solar,300,300,Raghanesda PS,Gujarat,30-09-27
556,2200001107,AZURE POWER SIXTY THREE PRIVATE LIMITED,WR,Solar,300,300,Raghanesda PS,Gujarat,30-09-27
557,2200000692,"VISMAYA RENEWABLES INDIA PROJECT
PRIVATELIMITED",SR,Wind,300,300,Bijapur PS,Karnataka,01-10-27
558,2200000676,CLEAN MAX SOLARIS PRIVATE LIMITED,WR,Hybrid (RHGS),"150MW: Wind
50MW: Solar",150,Lakadia-II (Sec-I),Gujarat,31-10-27
559,2200000678,CLEAN MAX ALCHEMY PRIVATE LIMITED,WR,Hybrid (RHGS),"150MW: Wind
50MW: Solar",150,Lakadia-II (Sec-I),Gujarat,31-10-27
560,2200000669,TEQ GREEN POWER XIII PRIVATE LIMITED,WR,Wind,120.9,120,Lakadia-II (Sec-I),Gujarat,31-10-27
561,2200000737,HERO SOLAR ENERGY PRIVATE LIMITED,WR,Hybrid (RHGS),"Solar 120 MW, 
Wind 180 MW 
& BESS 30 
MW)",280,Lakadia-II (Sec-I),Gujarat,31-10-27
562,2200000750,AVAADA ENERGY PRIVATE LIMITED,WR,Solar,300,300,Lakadia-II (Sec-I),Gujarat,31-10-27
563,2200000799,AZURE POWER SIXTY THREE PRIVATE LIMITED,WR,Hybrid (RHGS),300,300,Lakadia-II (Sec-I),Gujarat,31-10-27
564,2200000902,FEMUND SOLAR PRIVATE LIMITED,WR,Solar,150,150,Lakadia-II (Sec-I),Gujarat,31-10-27
565,2200001104,RELIANCE INDUSTRIES LIMITED,WR,Solar,1000,1000,Lakadia-II (Sec-I),Gujarat,31-10-27
566,2200001105,RELIANCE INDUSTRIES LIMITED,WR,Solar,1000,1000,Lakadia-II (Sec-I),Gujarat,31-10-27
567,2200000705,JSW NEO ENERGY LIMITED,WR,Wind,700,700,Lakadia-II (Sec-II),Gujarat,31-10-27
570,2200000986,BN DISPATCHABLE-2 PRIVATE LIMITED,WR,Hybrid (RHGS),250,250,Lakadia-II (Sec-II),Gujarat,31-10-27
571,2200001004,HERO SOLAR ENERGY PRIVATE LIMITED,WR,Hybrid (RHGS),272.8,270,Lakadia-II (Sec-II),Gujarat,31-10-27
572,2200000987,BN PEAK POWER-2 PRIVATE LIMITED,WR,Hybrid (RHGS),250,250,Lakadia-II (Sec-II),Gujarat,31-10-27
573,2200001071,ADANI RENEWABLE ENERGY TEN LIMITED,WR,Wind,225,225,Lakadia-II (Sec-II),Gujarat,31-10-27
574,2200001093,HERO SOLAR ENERGY PRIVATE LIMITED,WR,Solar,150,150,Lakadia-II (Sec-II),Gujarat,31-10-27
575,2200001127,HERO SOLAR ENERGY PRIVATE LIMITED,WR,Hybrid (RHGS),139,130,Lakadia-II (Sec-II),Gujarat,31-10-27
576,2200001135,JUNIPER GREEN ENERGY PRIVATE LIMITED,WR,Solar,350,350,"Solapur PS (400 
Sec-II)",Maharashtra,31-10-27
577,2200001223,TORRENT URJA 18 PRIVATE LIMITED,WR,Hybrid (RHGS),650,500,"Solapur PS (400 
Sec-II)",Maharashtra,31-10-27
578,2200001359,"UNIQUE HYBRID GLOBAL RENEWABLE ENERGY
PRIVATE LIMITED",WR,Solar,390,340,"Solapur PS (400 
Sec-II)",Maharashtra,31-10-27
579,2200000988,RENEW SOLAR POWER PRIVATE LIMITED,WR,Solar,300,300,Raghanesda PS,Gujarat,30-11-27
580,2200000869,GANEKO THREE ENERGY PRIVATE LIMITED,SR,Hybrid (RHGS),354,300,Anantapur-II PS,Andhra Pradesh 31-12-27,
581,2200000762,AMPIN ENERGY UTILITY PRIVATE LIMITED,SR,Hybrid (RHGS),185.4,150,Bidar PS,Karnataka,31-12-27
582,2200000763,AMPIN ENERGY UTILITY PRIVATE LIMITED,SR,Hybrid (RHGS),185.4,150,Bidar PS,Karnataka,31-12-27
583,2200000892,AMPIN ENERGY UTILITY PRIVATE LIMITED,SR,Hybrid (RHGS),185.4,150,Bidar PS,Karnataka,31-12-27
584,2200000893,AMP ENERGY C&I THIRTEEN PRIVATE LIMITED,SR,Hybrid (RHGS),68.9,50,Bidar PS,Karnataka,31-12-27
585,2200000708,SUNSURE SOLARPARK RJ ONE PRIVATE LIMITED,SR,Wind,48,48,Bijapur PS,Karnataka,31-12-27
586,2200000917,INDIANOIL NTPC GREEN ENERGY PRIVATE LIMITED,WR,Wind,207.9,207,"Jam Khambhaliya 
PS",Gujarat,31-12-27
587,2200000913,K.P. ENERGY LIMITED,WR,Wind,100,100,"Jam Khambhaliya 
PS",Gujarat,31-12-27
588,2200000967,TATA POWER RENEWABLE ENERGY LIMITED,SR,Wind,82.5,82,Karur PS,Tamil Nadu,31-12-27
589,2200001023,NANNAI SOLAR PARK PRIVATE LIMITED,SR,Wind,57,57,Karur PS,Tamil Nadu,31-12-27
590,2200001033,NAVALADI WIND PARK PRIVATE LIMITED,SR,Wind,100,100,Karur PS,Tamil Nadu,31-12-27
591,2200001099,PRATAPATI ENERGY (SEVEN) PRIVATE LIMITED,SR,Hybrid (RHGS),354,300,Kurnool-IV PS,Andhra Pradesh 31-12-27,
592,2200000879,JUNIPER GREEN ENERGY PRIVATE LIMITED,NR,Solar,300,300,Merta-II,Rajasthan,31-12-27
593,2200001137,MFA RENEWABLES PRIVATE LIMITED,WR,Wind,297,297,Jamnagar S/s,Gujarat,01-01-28
594,2200001189,OPWIND ENERGY PRIVATE LIMITED,WR,Hybrid (RHGS),254,254,Jamnagar S/s,Gujarat,01-01-28
595,2200001230,KADODIYA WIND ENERGY PRIVATE LIMITED,WR,Wind,100,100,Jamnagar S/s,Gujarat,01-01-28
596,2200001349,SATPURA RENEWABLE PRIVATE LIMITED,WR,Solar,349,349,Jamnagar S/s,Gujarat,01-01-28
597,2200000508,ADANI RENEWABLE ENERGY FIFTY ONE LIMITED,SR,Pump Storage,1250,1250,Kurnool-III PS,Andhra Pradesh 01-01-28,
598,2200000177,THE TATA POWER COMPANY LIMITED,WR,Pump Storage,1150,1150,South Kalamb,Maharashtra,01-01-28
599,2200001048,RENEW SOLAR POWER PRIVATE LIMITED,WR,Solar,200,200,Raghanesda PS,Gujarat,31-01-28
600,2200000372,RENEW VIKRAM SHAKTI PRIVATE LIMITED,SR,Hybrid (RHGS),"160 (Solar:40 
MW, Wind:",160,Anantapur PS,Andhra Pradesh 29-02-28,
601,2200000583,RENEW VIKRAM SHAKTI PRIVATE LIMITED,SR,Wind,140,140,Anantapur PS,Andhra Pradesh 29-02-28,
602,2200000989,RENEW SOLAR POWER PRIVATE LIMITED,WR,Solar,100,100,Raghanesda PS,Gujarat,29-02-28
603,2200000992,RENEW SOLAR POWER PRIVATE LIMITED,WR,Solar,100,100,Raghanesda PS,Gujarat,29-02-28
604,2200001431,TEQ GREEN POWER XXII PRIVATE LIMITED,WR,Hybrid (RHGS),250,250,"Mandsaur PS 
(Sec-III)","Madhya 
Pradesh",30-03-28
605,2200001294,HERO SOLAR ENERGY PRIVATE LIMITED,SR,Hybrid (RHGS),272.8,270,Anantapur-II PS,Andhra Pradesh 31-03-28,
606,2200001303,NTPC RENEWABLE ENERGY LIMITED,SR,Solar,300,300,Anantapur-II PS,Andhra Pradesh 31-03-28,
607,2200001304,NTPC RENEWABLE ENERGY LIMITED,SR,Solar,300,300,Anantapur-II PS,Andhra Pradesh 31-03-28,
608,2200001318,NTPC RENEWABLE ENERGY LIMITED,SR,Wind,300,300,Anantapur-II PS,Andhra Pradesh 31-03-28,
609,2200001319,NTPC RENEWABLE ENERGY LIMITED,SR,Solar,300,300,Anantapur-II PS,Andhra Pradesh 31-03-28,
610,2200001341,NTPC RENEWABLE ENERGY LIMITED,SR,Wind,300,300,Anantapur-II PS,Andhra Pradesh 31-03-28,
611,2200001416,HERO SOLAR ENERGY PRIVATE LIMITED,SR,Hybrid (RHGS),281.8,270,Anantapur-II PS,Andhra Pradesh 31-03-28,
612,2200001364,ESSAR RENEWABLES LIMITED,SR,Solar,300,300,Kurnool-IV PS,Andhra Pradesh 31-03-28,
#REF!,#REF!,#REF!,#REF!,#REF!,#REF!,#REF!,#REF!,#REF!,#REF!
613,2200001362,NTPC RENEWABLE ENERGY LIMITED,SR,Solar,300,300,Kurnool-IV PS,Andhra Pradesh 31-03-28,
614,2200001363,NTPC RENEWABLE ENERGY LIMITED,SR,Solar,600,600,Kurnool-IV PS,Andhra Pradesh 31-03-28,
615,2200001383,NTPC RENEWABLE ENERGY LIMITED,SR,Wind,300,300,Kurnool-IV PS,Andhra Pradesh 31-03-28,
616,2200001384,NTPC RENEWABLE ENERGY LIMITED,SR,Wind,300,300,Kurnool-IV PS,Andhra Pradesh 31-03-28,
617,2200001018,SUNSURE SOLARPARK RJ ONE PRIVATE LIMITED,WR,Solar,350,350,Raghanesda PS,Gujarat,31-03-28
618,2200000743,IZHMA SOLAR PRIVATE LIMITED,NR,Solar,200,200,Sirohi,Rajasthan,31-03-28
619,2200001017,SUNSURE SOLARPARK RJ ONE PRIVATE LIMITED,SR,Solar,300,300,Tumkur-II PS,Karnataka,31-03-28
622,2200000118,FRUGAL ENERGY PRIVATE LIMITED,NR,Solar,250,250,Bhadla-III,Rajasthan,30-06-28
623,2200000144,SERENTICA RENEWABLES INDIA PRIVATE LIMITED,NR,Solar,300,300,Bhadla-III,Rajasthan,30-06-28
624,2200001276,JUNIPER GREEN GEM PRIVATE LIMITED,WR,Solar,100,100,Dhule PS (Sec-I),Maharashtra,30-06-28
625,2200000034,SPRNG PAVANA URJA PRIVATE LIMITED,NR,Solar,150,150,"Fatehgarh-IV (Sec-
II)",Rajasthan,30-06-28
626,2200000379,JUNIPER GREEN ENERGY PRIVATE LIMITED,WR,Wind,200,200,"Jam Khambhaliya 
PS",Gujarat,30-06-28
627,2200000926,JUNIPER GREEN ENERGY PRIVATE LIMITED,WR,Wind,150,150,Lakadia-II (Sec-I),Gujarat,30-06-28
628,2200000428,JUNIPER GREEN ENERGY PRIVATE LIMITED,WR,Wind,300,300,"Mandsaur PS 
(Sec-I)","Madhya 
Pradesh",30-06-28
629,2200001037,HEXA CLIMATE SOLUTIONS PRIVATE LIMITED,WR,Hybrid (RHGS),295,200,"Mandsaur PS 
(Sec-I)","Madhya 
Pradesh",30-06-28
630,2200000612,SPRNG WIND ENERGY PRIVATE LIMITED,WR,Solar,200,200,Raghanesda PS,Gujarat,30-06-28
631,2200000819,SPRNG VAYU VIDYUT PRIVATE LIMITED,WR,Wind,16.8,16,Rajgarh SS,"Madhya 
Pradesh",30-06-28
632,2200000192,SOLARCRAFT POWER INDIA 4 PRIVATE LIMITED,NR,Solar,110,110,Bhadla-III,Rajasthan,01-07-28
633,2200000232,"GREEN INFRA CLEAN ENERGY GENERATION
LIMITED",NR,Solar,300,300,Bhadla-III,Rajasthan,01-07-28
634,2200000275,RENEW SOLAR (SHAKTI SIX) PRIVATE LIMITED,NR,Solar,400,400,Bhadla-III,Rajasthan,01-09-28
635,2200000266,MALUR RENEWABLES PRIVATE LIMITED,NR,Solar,650,650,Bhadla-III,Rajasthan,01-09-28
636,2200000300,SOLARCRAFT POWER INDIA 4 PRIVATE LIMITED,NR,Solar,50,50,Bhadla-III,Rajasthan,01-09-28
637,2200000309,RENEW SOLAR (SHAKTI SIX) PRIVATE LIMITED,NR,Solar,400,400,Bhadla-III,Rajasthan,01-09-28
638,2200000820,GREEN INFRA WIND ENERGY PRIVATE LIMITED,SR,Solar,300,300,Anantapur-II PS,Andhra Pradesh 30-09-28,
639,2200000159,GUJARAT INDUSTRIES POWER COMPANY LTD.,WR,Solar,2375,1775,KPS-2 (Sec-I),Gujarat,19-11-28
640,2200001156,MIYANI POWER INFRA LLP,WR,Wind,321.3,321,"Jam Khambhaliya 
PS",Gujarat,01-12-28
641,2200001155,MIYANI POWER INFRA LLP,WR,Wind,321.3,321,"Jam Khambhaliya 
PS",Gujarat,01-12-28
642,2200000674,IRIS RENEWABLES ALPHA TWO PRIVATE LIMITED,WR,Wind,300,300,"Kalyanpur PS 
(Sec-I)",Gujarat,01-12-28
643,2200000935,JUNIPER GREEN ENERGY PRIVATE LIMITED,WR,Wind,300,300,"Kalyanpur PS 
(Sec-I)",Gujarat,01-12-28
644,2200001069,TORRENT SAURYA URJA 2 PRIVATE LIMITED,WR,Hybrid (RHGS),1200,800,"Kalyanpur PS 
(Sec-I)",Gujarat,01-12-28
645,2200001132,DEVPUR RENEWABLES PRIVATE LIMITED,WR,Hybrid (RHGS),200,200,"Kalyanpur PS 
(Sec-I)",Gujarat,01-12-28
646,2200001133,ADITYA BIRLA RENEWABLES LIMITED,WR,Hybrid (RHGS),300,300,"Kalyanpur PS 
(Sec-I)",Gujarat,01-12-28
647,2200001159,TORRENT SAURYA URJA 2 PRIVATE LIMITED,WR,Hybrid (RHGS),300,200,"Kalyanpur PS 
(Sec-I)",Gujarat,01-12-28
648,2200001209,JUNIPER GREEN ENERGY PRIVATE LIMITED,WR,Wind,50,50,"Kalyanpur PS 
(Sec-I)",Gujarat,01-12-28
649,2200000360,PRERAK SOLAR URJA PRIVATE LIMITED,NR,Solar,400,400,Bhadla-III,Rajasthan,31-12-28
650,2200000407,AVAADA ENERGY PRIVATE LIMITED,NR,Solar,1000,300,Bhadla-III,Rajasthan,31-12-28
651,2200000753,SPRNG GREEN ENERGY PRIVATE LIMITED,SR,Wind,100,100,Bidar PS,Karnataka,31-12-28
652,2200000614,SPRNG OJAS PRIVATE LIMITED,WR,Solar,200,200,Raghanesda PS,Gujarat,31-12-28
653,2200001160,SPRNG WIND ENERGY PRIVATE LIMITED,WR,Hybrid (RHGS),164,100,Raghanesda PS,Gujarat,31-12-28
654,2200000651,SPRNG OJAS PRIVATE LIMITED,WR,Solar,100,100,Raghanesda PS,Gujarat,31-12-28
655,2200000499,JUNIPER GREEN ENERGY PRIVATE LIMITED,NR,Solar,150,150,Ramgarh,Rajasthan,31-12-28
656,2200000550,JUNIPER GREEN ENERGY PRIVATE LIMITED,NR,Solar,150,150,Ramgarh,Rajasthan,31-12-28
657,2200000618,MIGOS HYBREN PRIVATE LIMITED,NR,Solar,600,600,Ramgarh,Rajasthan,31-12-28
658,2200000598,"ADANI RENEWABLE ENERGY HOLDING FOUR
LIMITED",NR,Solar,500,500,Ramgarh,Rajasthan,31-12-28
659,2200000599,"ADANI RENEWABLE ENERGY HOLDING FOUR
LIMITED",NR,Solar,500,500,Ramgarh,Rajasthan,31-12-28
660,2200000553,AVAADA WATERBATTERY PRIVATE LIMITED,NR,Pump Storage,1120,1120,Robertsganj,UP,31-12-28
661,2200000452,"PRAVAT RENEWABLES INDIA PROJECT PRIVATE
LIMITED",NR,Solar,300,300,Ramgarh,Rajasthan,31-01-29
662,2200000511,JUNIPER GREEN ENERGY PRIVATE LIMITED,WR,Solar,200,200,Lakadiya PS,Gujarat,31-03-29
663,2200000478,ADANI GREEN ENERGY LIMITED,WR,Hybrid (RHGS),650,650,KPS-1 (Sec-II),Gujarat,19-05-29
664,2200000479,ADANI GREEN ENERGY LIMITED,WR,Hybrid (RHGS),100,100,KPS-1 (Sec-II),Gujarat,19-05-29
665,2200000784,ADANI GREEN ENERGY LIMITED,WR,Wind,60,60,KPS-1 (Sec-II),Gujarat,19-05-29
666,2200000476,ADANI GREEN ENERGY LIMITED,WR,Hybrid (RHGS),1250,1250,KPS-3 (Sec-II),Gujarat,19-05-29
667,2200000477,ADANI GREEN ENERGY LIMITED,WR,Hybrid (RHGS),75,75,KPS-3 (Sec-II),Gujarat,19-05-29
668,2200000602,ADANI GREEN ENERGY LIMITED,WR,Hybrid (RHGS),"65 MW 
(Solar: 50MW",65,KPS-3 (Sec-II),Gujarat,19-05-29
669,2200000603,ADANI GREEN ENERGY LIMITED,WR,Wind,75,75,KPS-3 (Sec-II),Gujarat,19-05-29
670,2200000785,ADANI GREEN ENERGY LIMITED,WR,Wind,100,100,KPS-3 (Sec-II),Gujarat,19-05-29
671,2200000786,ADANI GREEN ENERGY LIMITED,WR,Wind,195,195,KPS-3 (Sec-II),Gujarat,19-05-29
672,2200000953,ADANI GREEN ENERGY LIMITED,WR,Hybrid (RHGS),1530,1530,KPS-3 (Sec-II),Gujarat,19-05-29
673,2200000751,SPRNG VAYU KIRAN PRIVATE LIMITED,SR,Wind,200,200,Bidar PS,Karnataka,30-06-29
674,2200001062,JUNIPER GREEN ENERGY PRIVATE LIMITED,WR,Solar,150,150,Lakadia-II (Sec-I),Gujarat,30-06-29
677,2200000636,AVAADA ENERGY PRIVATE LIMITED,NR,Solar,450,450,Barmer-II,Rajasthan,31-12-29
678,2200000681,SPRNG URJA PRIVATE LIMITED,NR,Solar,1000,1000,Barmer-II,Rajasthan,31-12-29
679,2200000810,"ADANI RENEWABLE ENERGY HOLDING FOUR
LIMITED",NR,Solar,717,717,Barmer-II,Rajasthan,31-12-29
680,2200000906,NTPC RENEWABLE ENERGY LIMITED,NR,Solar,500,500,Barmer-II,Rajasthan,31-12-29
681,2200000531,SPRNG RENEWABLE RESOURCES PRIVATE LIMITED,NR,Solar,200,200,Barmer-II,Rajasthan,31-12-29
682,2200000539,SPRNG URJA PRIVATE LIMITED,NR,Solar,200,200,Barmer-II,Rajasthan,31-12-29
683,2200000567,NTPC RENEWABLE ENERGY LIMITED,NR,Solar,300,300,Barmer-II,Rajasthan,31-12-29
684,2200000580,AVAADA ENERGY PRIVATE LIMITED,NR,Solar,500,200,Barmer-II,Rajasthan,31-12-29
685,2200000715,"AMARESHA RENAWABLES INDIA PROJECT PRIVATE 
LIMITED",NR,Solar,300,300,Barmer-II,Rajasthan,31-12-29
686,2200000778,RENEW SOLAR POWER PRIVATE LIMITED,NR,Solar,300,300,Barmer-II,Rajasthan,31-12-29
687,2200000809,ADANI RENEWABLE ENERGY TWO LIMITED,NR,Wind,595,595,Barmer-II,Rajasthan,31-12-29
688,2200000807,ADANI RENEWABLE ENERGY TWO LIMITED,NR,Wind,600,600,Barmer-II,Rajasthan,31-12-29
689,2200000475,SAURYA URJA COMPANY OF RAJASTHAN LIMITED,NR,Solar,400,400,Bikaner-V,Rajasthan,31-12-29
690,2200000484,IRAAX INTERNATIONAL (OPC) PRIVATE LIMITED,NR,Solar,100,100,Bikaner-V,Rajasthan,31-12-29
691,2200000540,IRAAX INTERNATIONAL (OPC) PRIVATE LIMITED,NR,Solar,150,150,Bikaner-V,Rajasthan,31-12-29
692,2200000561,AVAADA RJBIKANER PRIVATE LIMITED,NR,Solar,136,136,Bikaner-V,Rajasthan,31-12-29
693,2200001128,ADITYA BIRLA RENEWABLES LIMITED,NR,Hybrid (RHGS),100,100,"Fatehgarh-III (Sec-
II)",Rajasthan,31-12-29
694,2200000824,SPRNG GREEN ENERGY 2 PRIVATE LIMITED,WR,Solar,600,600,"Mandsaur PS 
(Sec-I)","Madhya 
Pradesh",31-12-29
695,2200000650,JSW Energy Utkal Limited,WR,Solar,200,200,Raghanesda PS,Gujarat,31-12-29
696,2200000516,RENEW SOLAR POWER PRIVATE LIMITED,NR,Solar,300,300,Bhadla-IV,Rajasthan,31-03-30
697,2200000521,RENEW SOLAR POWER PRIVATE LIMITED,NR,Solar,200,200,Bhadla-IV,Rajasthan,31-03-30
698,2200000522,RENEW SOLAR POWER PRIVATE LIMITED,NR,Solar,300,300,Bhadla-IV,Rajasthan,31-03-30
699,2200000761,"KANTIDA RENEWABLES INDIA PROJECT PRIVATE
LIMITED",NR,Solar,300,300,Bhadla-IV,Rajasthan,31-03-30
700,2200000811,"ADANI RENEWABLE ENERGY HOLDING FOUR
LIMITED",NR,Solar,765,765,Bhadla-IV,Rajasthan,31-03-30
701,2200000875,DEMETER SUN POWER PRIVATE LIMITED,NR,Solar,300,300,Bhadla-IV,Rajasthan,31-03-30
702,2200001085,AVAADA ENERGY PRIVATE LIMITED,NR,Solar,700,700,Bhadla-IV,Rajasthan,31-03-30
703,2200001316,AVAADA RJSUSTAINABLE PRIVATE LIMITED,NR,Solar,660,660,Bhadla-IV,Rajasthan,31-03-30
704,2200001404,ARIGHT FOODS AND ENERGY PRIVATE LIMITED,NR,Solar,2000,2000,Bhadla-IV,Rajasthan,31-03-30
705,2200000726,NTPC RENEWABLE ENERGY LIMITED,NR,Solar,1000,1000,Bikaner-V,Rajasthan,31-03-30
706,2200000755,SA RENEWABLE INFRA PRIVATE LIMITED,NR,Solar,100,100,Bikaner-V,Rajasthan,31-03-30
707,2200000796,"VENA ENERGY VINDHYA WIND POWER PRIVATE
LIMITED",NR,Solar,300,300,Bikaner-V,Rajasthan,31-03-30
708,2200000866,SOLARCRAFT POWER INDIA 8 PRIVATE LIMITED,NR,Solar,300,300,Bikaner-V,Rajasthan,31-03-30
709,2200001021,SUNSURE SOLARPARK RJ ONE PRIVATE LIMITED,NR,Solar,350,350,Bikaner-V,Rajasthan,31-03-30
710,2200001056,JUNIPER GREEN ENERGY PRIVATE LIMITED,NR,Solar,400,400,Bikaner-V,Rajasthan,31-03-30
711,2200001126,NTPC RENEWABLE ENERGY LIMITED,NR,Solar,600,600,Bikaner-V,Rajasthan,31-03-30
712,2200001210,JUNIPER GREEN ENERGY PRIVATE LIMITED,NR,Solar,130,130,Bikaner-V,Rajasthan,31-03-30
713,2200001261,PURVAH GREEN POWER PRIVATE LIMITED,NR,Solar,300,300,Bikaner-V,Rajasthan,31-03-30
714,2200001262,PURVAH GREEN POWER PRIVATE LIMITED,NR,Solar,300,300,Bikaner-V,Rajasthan,31-03-30
715,2200001254,AVAADA SURYAENERGY PRIVATE LIMITED,NR,Solar,560,560,Bikaner-V,Rajasthan,31-03-30
716,2200001353,AVAADA ENERGY PRIVATE LIMITED,NR,Solar,350,350,Bikaner-V,Rajasthan,31-03-30
717,2200001326,AVAADA RJBIKANER PRIVATE LIMITED,NR,Solar,354,354,Bikaner-V,Rajasthan,31-03-30
718,2200000661,"ADANI RENEWABLE ENERGY HOLDING FOUR
LIMITED",NR,Solar,250,250,Ramgarh,Rajasthan,31-03-30
719,2200000662,"ADANI RENEWABLE ENERGY HOLDING FOUR
LIMITED",NR,Solar,284,284,Ramgarh,Rajasthan,31-03-30
720,2200000672,TATA POWER RENEWABLE ENERGY LIMITED,NR,Solar,600,600,Ramgarh,Rajasthan,31-03-30
721,2200000600,"ADANI RENEWABLE ENERGY PARK RAJASTHAN
LIMITED",NR,Solar,1000,1000,Ramgarh-II,Rajasthan,31-03-30
722,2200000601,"ADANI RENEWABLE ENERGY PARK RAJASTHAN
LIMITED",NR,Solar,1000,1000,Ramgarh-II,Rajasthan,31-03-30
723,2200000689,JSW NEO ENERGY LIMITED,NR,Solar,700,700,Ramgarh-II,Rajasthan,31-03-30
724,2200000777,RENEW SOLAR POWER PRIVATE LIMITED,NR,Solar,400,400,Ramgarh-II,Rajasthan,31-03-30
725,2200000782,RJS RENEWABLES PRIVATE LIMITED,NR,Wind,150,150,Ramgarh-II,Rajasthan,31-03-30
726,2200001198,SHN GREEN POWER PRIVATE LIMITED,NR,Wind,297,297,Ramgarh-II,Rajasthan,31-03-30
727,2200001382,JUNACHAY WIND ENERGY PRIVATE LIMITED,NR,Wind,100,100,Ramgarh-II,Rajasthan,31-03-30
728,2200001391,DHARVI KALAN WIND ENERGY PRIVATE LIMITED,NR,Wind,100,100,Ramgarh-II,Rajasthan,31-03-30
729,2200001390,DANGRI WIND ENERGY PRIVATE LIMITED,NR,Wind,100,100,Ramgarh-II,Rajasthan,31-03-30
730,2200001523,TATA POWER RENEWABLE ENERGY LIMITED,NR,Wind,300,300,Ramgarh-II,Rajasthan,31-03-30
731,2200000910,VISMAYA FOUR RENEWABLES PRIVATE LIMITED,NR,Solar,250,250,Bhadla-IV,Rajasthan,01-04-30
732,2200000973,NTPC RENEWABLE ENERGY LIMITED,NR,Solar,100,100,Barmer-II,Rajasthan,30-06-30
733,2200000767,SPRNG ENERGY PRIVATE LIMITED,SR,Wind,100,100,Bidar PS,Karnataka,30-06-30
734,2200000850,RENEW SOLAR POWER PRIVATE LIMITED,NR,Solar,300,300,Jalore,Rajasthan,30-06-30
735,2200000886,RENEW SOLAR POWER PRIVATE LIMITED,NR,Solar,100,100,Jalore,Rajasthan,30-06-30
736,2200000887,RENEW SOLAR POWER PRIVATE LIMITED,NR,Solar,200,200,Jalore,Rajasthan,30-06-30
737,2200000888,RENEW SOLAR POWER PRIVATE LIMITED,NR,Solar,200,200,Jalore,Rajasthan,30-06-30
738,2200000889,RENEW SOLAR POWER PRIVATE LIMITED,NR,Solar,100,100,Jalore,Rajasthan,30-06-30
739,2200000890,RENEW SOLAR POWER PRIVATE LIMITED,NR,Solar,100,100,Jalore,Rajasthan,30-06-30
740,2200001006,SPRNG VAAYU URJA PRIVATE LIMITED,NR,Solar,600,600,Jalore,Rajasthan,30-06-30
741,2200001161,SPRNG VAYU KIRAN PRIVATE LIMITED,WR,Solar,200,200,Raghanesda PS,Gujarat,30-06-30
742,2200000946,HR SARASWATI ENERGY PRIVATE LIMITED,NR,Solar,300,300,Sanchore,Rajasthan,30-06-30
743,2200001026,RENEW SOLAR POWER PRIVATE LIMITED,NR,Solar,200,200,Barmer-III,Rajasthan,30-09-30
744,2200001300,TEQ GREEN POWER IX PRIVATE LIMITED,NR,Solar,208.5,208,Barmer-III,Rajasthan,30-09-30
745,2200001352,AVAADA ENERGY PRIVATE LIMITED,NR,Solar,750,750,Barmer-III,Rajasthan,30-09-30
746,2200001366,ACME GAMMA URJA PRIVATE LIMITED,NR,Solar,350,350,Barmer-III,Rajasthan,30-09-30
747,2200001398,ENREN-IV ENERGY PRIVATE LIMITED,NR,Solar,300,300,Barmer-III,Rajasthan,30-09-30
748,2200001422,AVAADA ENERGY PRIVATE LIMITED,NR,Solar,800,800,Barmer-III,Rajasthan,30-09-30
751,2200001440,POKHRAN WIND ENERGY PRIVATE LIMITED,NR,Wind,99,99,Barmer-III,Rajasthan,30-09-30
752,2200001503,RENEW SOLAR POWER PRIVATE LIMITED,NR,Solar,300,300,Barmer-III,Rajasthan,30-09-30
753,2200001557,APRAAVA ENERGY PRIVATE LIMITED,NR,Solar,300,300,Barmer-III,Rajasthan,30-09-30
754,2200001622,"UNIQUE HYTECH RENEWABLE ENERGY PRIVATE 
LIMITED",NR,Hybrid (RHGS),1000,1000,Barmer-III,Rajasthan,30-09-30
755,2200001087,TEQ GREEN POWER XV PRIVATE LIMITED,NR,Solar,300,300,Jalore,Rajasthan,30-09-30
756,2200001284,VISMAYA FOUR RENEWABLES PRIVATE LIMITED,NR,Solar,50,50,Bhadla-IV,Rajasthan,01-10-30
757,2200000954,VISMAYA FIVE RENEWABLES PRIVATE LIMITED,NR,Solar,250,250,Barmer-II,Rajasthan,31-10-30
758,2200001285,VISMAYA FIVE RENEWABLES PRIVATE LIMITED,NR,Solar,50,50,Barmer-II,Rajasthan,31-12-30
759,2200001057,"FOXTROT SOLAR RENEWABLES ENERGY PRIVATE 
LIMITED",NR,Solar,100,100,Barmer-III,Rajasthan,31-12-30
760,2200001141,"GREEN INFRA RENEWABLE ENERGY FARMS PRIVATE 
LIMITED",NR,Solar,300,300,Barmer-III,Rajasthan,31-12-30
761,2200001194,"GREEN INFRA RENEWABLE ENERGY FARMS PRIVATE 
LIMITED",NR,Solar,300,300,Barmer-III,Rajasthan,31-12-30
762,2200001188,RENEW SOLAR POWER PRIVATE LIMITED,NR,Solar,250,250,Barmer-III,Rajasthan,31-12-30
763,2200001252,"FOXTROT SOLAR RENEWABLES ENERGY PRIVATE 
LIMITED",NR,Solar,74,74,Barmer-III,Rajasthan,31-12-30
764,2200000860,ENREN-III ENERGY PRIVATE LIMITED,NR,Solar,300,300,Merta-III,Rajasthan,31-03-31
765,2200001089,TEQ GREEN POWER XV PRIVATE LIMITED,NR,Solar,300,300,Pali,Rajasthan,31-03-31
766,2200001100,DIYOS THREE RENEWABLES PRIVATE LIMITED,NR,Solar,300,300,Pali,Rajasthan,01-04-31
767,2200001417,SPRNG GREEN ENERGY 4 PRIVATE LIMITED,NR,Solar,400,400,Bhadla-V,Rajasthan,30-06-31
768,2200001464,AVAADA ENERGY PRIVATE LIMITED,NR,Solar,1000,1000,Bhadla-V,Rajasthan,30-06-31
769,2200001088,"FOXTROT SOLAR RENEWABLES ENERGY PRIVATE 
LIMITED",NR,Solar,80,80,Barmer-III,Rajasthan,31-12-31
771,2200000890,RENEW SOLAR POWER PRIVATE LIMITED,NR,Solar,100,100,Jalore,Rajasthan,30-06-30
772,2200001006,SPRNG VAAYU URJA PRIVATE LIMITED,NR,Solar,600,600,Jalore,Rajasthan,30-06-30
773,2200001161,SPRNG VAYU KIRAN PRIVATE LIMITED,WR,Solar,200,200,Raghanesda PS,Gujarat,30-06-30
774,2200000946,HR SARASWATI ENERGY PRIVATE LIMITED,NR,Solar,300,300,Sanchore,Rajasthan,30-06-30
775,2200001026,RENEW SOLAR POWER PRIVATE LIMITED,NR,Solar,200,200,Barmer-III,Rajasthan,30-09-30
776,2200001300,TEQ GREEN POWER IX PRIVATE LIMITED,NR,Solar,208.5,208,Barmer-III,Rajasthan,30-09-30
777,2200001352,AVAADA ENERGY PRIVATE LIMITED,NR,Solar,750,750,Barmer-III,Rajasthan,30-09-30
778,2200001366,ACME GAMMA URJA PRIVATE LIMITED,NR,Solar,350,350,Barmer-III,Rajasthan,30-09-30
779,2200001398,ENREN-IV ENERGY PRIVATE LIMITED,NR,Solar,300,300,Barmer-III,Rajasthan,30-09-30
780,2200001422,AVAADA ENERGY PRIVATE LIMITED,NR,Solar,800,800,Barmer-III,Rajasthan,30-09-30
781,2200001372,ROHAT SOLAR PARK PRIVATE LIMITED,NR,Solar,350,350,Barmer-III,Rajasthan,30-09-30
782,2200001407,"UNIQUE HYTECH RENEWABLE ENERGY PRIVATE 
LIMITED",NR,Wind,150,150,Barmer-III,Rajasthan,30-09-30
783,2200001440,POKHRAN WIND ENERGY PRIVATE LIMITED,NR,Wind,99,99,Barmer-III,Rajasthan,30-09-30
784,2200001503,RENEW SOLAR POWER PRIVATE LIMITED,NR,Solar,300,300,Barmer-III,Rajasthan,30-09-30
785,2200001557,APRAAVA ENERGY PRIVATE LIMITED,NR,Solar,300,300,Barmer-III,Rajasthan,30-09-30
786,2200001622,"UNIQUE HYTECH RENEWABLE ENERGY PRIVATE 
LIMITED",NR,Hybrid (RHGS),1000,1000,Barmer-III,Rajasthan,30-09-30
787,2200001087,TEQ GREEN POWER XV PRIVATE LIMITED,NR,Solar,300,300,Jalore,Rajasthan,30-09-30
788,2200001284,VISMAYA FOUR RENEWABLES PRIVATE LIMITED,NR,Solar,50,50,Bhadla-IV,Rajasthan,01-10-30
789,2200000954,VISMAYA FIVE RENEWABLES PRIVATE LIMITED,NR,Solar,250,250,Barmer-II,Rajasthan,31-10-30
790,2200001786,ADYANT ENERSOL PRIVATE LIMITED,NR,Solar,150,150,Bikaner-V,Rajasthan,31-10-30
791,2200001717,JIRE GREEN ENERGY PROJECT THREE LIMITED,NR,Solar,200,200,Ramgarh-II,Rajasthan,31-10-30
792,2200001735,WAAREE FOREVER ENERGIES PRIVATE LIMITED,NR,Hybrid (RHGS),600,600,Ramgarh-II,Rajasthan,31-10-30
793,2200001285,VISMAYA FIVE RENEWABLES PRIVATE LIMITED,NR,Solar,50,50,Barmer-II,Rajasthan,31-12-30
794,2200001057,"FOXTROT SOLAR RENEWABLES ENERGY PRIVATE 
LIMITED",NR,Solar,100,100,Barmer-III,Rajasthan,31-12-30
795,2200001141,"GREEN INFRA RENEWABLE ENERGY FARMS PRIVATE 
LIMITED",NR,Solar,300,300,Barmer-III,Rajasthan,31-12-30
796,2200001194,"GREEN INFRA RENEWABLE ENERGY FARMS PRIVATE 
LIMITED",NR,Solar,300,300,Barmer-III,Rajasthan,31-12-30
797,2200001188,RENEW SOLAR POWER PRIVATE LIMITED,NR,Solar,250,250,Barmer-III,Rajasthan,31-12-30
798,2200001252,"FOXTROT SOLAR RENEWABLES ENERGY PRIVATE 
LIMITED",NR,Solar,74,74,Barmer-III,Rajasthan,31-12-30
799,2200000860,ENREN-III ENERGY PRIVATE LIMITED,NR,Solar,300,300,Merta-III,Rajasthan,31-03-31
800,2200001089,TEQ GREEN POWER XV PRIVATE LIMITED,NR,Solar,300,300,Pali,Rajasthan,31-03-31
801,2200001100,DIYOS THREE RENEWABLES PRIVATE LIMITED,NR,Solar,300,300,Pali,Rajasthan,01-04-31
802,2200001417,SPRNG GREEN ENERGY 4 PRIVATE LIMITED,NR,Solar,400,400,Bhadla-V,Rajasthan,30-06-31
803,2200001464,AVAADA ENERGY PRIVATE LIMITED,NR,Solar,1000,1000,Bhadla-V,Rajasthan,30-06-31
804,2200001866,RENEW SOLAR POWER PRIVATE LIMITED,NR,Solar,300,300,Pali,Rajasthan,30-06-31
805,2200001810,GODAVARI GREEN ENERGY PRIVATE LIMITED,NR,Solar,250,0,Sanchore,Rajasthan,30-06-31
806,2200001420,AZURE POWER FIFTY ONE PRIVATE LIMITED,NR,Solar,600,600,Bhadla-V,Rajasthan,30-09-31
807,2200001642,TORRENT GREEN ENERGY PRIVATE LIMITED,NR,Solar,1000,1000,Bhadla-V,Rajasthan,30-09-31
808,2200001700,HEXA CLIMATE SOLUTIONS PRIVATE LIMITED,NR,Solar,300,300,Bhadla-V,Rajasthan,30-09-31
809,2200001781,RENEW SOLAR POWER PRIVATE LIMITED,NR,Solar,200,200,Bhadla-V,Rajasthan,30-09-31
810,2200001864,RENEW SOLAR POWER PRIVATE LIMITED,NR,Solar,300,300,Bhadla-V,Rajasthan,30-09-31
811,2200001865,RENEW SOLAR POWER PRIVATE LIMITED,NR,Solar,300,300,Bhadla-V,Rajasthan,30-09-31
812,2200001827,VISMAYA FOUR RENEWABLES PRIVATE LIMITED,NR,Solar,300,300,Bhadla-V,Rajasthan,01-10-31
813,2200001901,WAAREE FOREVER ENERGIES PRIVATE LIMITED,NR,Solar,300,300,Sanchore,Rajasthan,31-10-31
