sl_no,state,region,pooling_ss,additional_information_of_pooling_ss,timelines,re_potential_mw,bess_mw,ss_evacuation_capacity_mw,expected_cod_of_pooling_station,connectivity_granted_1_200kv_mw,connectivity_granted_1_400kv_mw,connectivity_granted_1_total_mw,connectivity_granted_2_200kv_mw,connectivity_granted_2_400kv_mw,connectivity_granted_2_total_mw,margin_for_connectivity_200kv_mw,margin_for_connectivity_400kv_mw,margin_for_connectivity_total_mw,additional_margin_200kv_mw,additional_margin_400kv_mw,additional_margin_total_mw,effectiveness_of_gna,remarks
1,Rajasthan,NR,Bhadla Complex,,Existing,8430.0,0.0,8430.0,Existing,7475.0,2050.0,9525.0,0.0,0.0,0.0,0.0,0.0,0.0,0.0,0.0,0.0,"5251.375MW: Existing
4273.625MW: Nov'25 onwards (Ph-II/Ph-III/Ph-IV) (upto Mar'27)",
1a,Rajasthan,NR,Bhadla,,Existing,3380.0,0.0,3380.0,Existing,3580.0,0.0,3580.0,0.0,0.0,0.0,0.0,0.0,0.0,0.0,0.0,0.0,3580MW: Existing,
1b,Rajasthan,NR,Bhadla-II,,Existing,5050.0,0.0,5050.0,Existing,3895.0,2050.0,5945.0,0.0,0.0,0.0,0.0,0.0,0.0,0.0,0.0,0.0,"1671.375MW: Existing
4273.625MW: Nov'25 onwards (Ph-II/Ph-III/Ph-IV) (upto Mar'27)",
2,Rajasthan,NR,"Fatehgarh-Barmer  
Complex",,Existing,9600.0,0.0,9600.0,Existing,6940.0,3200.0,10140.0,0.0,0.0,0.0,0.0,0.0,0.0,0.0,0.0,0.0,"7225.83MW: Existing
2914.17MW: Nov'25 onwards (Ph-II/Ph-III/Ph-IV) (upto Mar'27)",
2a,Rajasthan,NR,Fatehgarh,,Existing,2200.0,0.0,2200.0,Existing,0.0,2200.0,2200.0,0.0,0.0,0.0,0.0,0.0,0.0,0.0,0.0,0.0,Existing Tr. System,
2b,Rajasthan,NR,Fatehgarh-II,,Existing,5500.0,0.0,5500.0,Existing,4460.0,1000.0,5460.0,0.0,0.0,0.0,0.0,0.0,0.0,0.0,0.0,0.0,"3525.83MW: Existing
1934.17MW: Nov'25 onwards (Ph-II/Ph-III/Ph-IV) (upto Mar'27)",
2c,Rajasthan,NR,Fatehgarh-III,Section-I,Existing,1900.0,0.0,1900.0,Existing,2480.0,0.0,2480.0,0.0,0.0,0.0,0.0,0.0,0.0,0.0,0.0,0.0,"1500MW: Existing
480MW: Nov'25 (Ph-II)
Including 2x250MW BESS granted at Fatehgarh-III (Section-I)
250MW: Existing
250MW: Mar'26",
3,Rajasthan,NR,Bikaner Complex,,Existing,8850.0,3000.0,5850.0,Existing,5695.0,3940.0,9635.0,0.0,0.0,0.0,0.0,50.0,50.0,0.0,0.0,0.0,"2865MW: Existing 
3360MW: Nov'25 onwards (Ph-II/Ph-IV/Ph-V) (upto Mar'27)",
3a,Rajasthan,NR,Bikaner,,Existing,1850.0,0.0,1850.0,Existing,1235.0,2940.0,4175.0,0.0,0.0,0.0,0.0,50.0,50.0,0.0,0.0,0.0,"2865MW: Existing
1360MW:  Nov'25 onwards (Ph-II/Ph-IV/Ph-V) (Upto Mar'27)",
3b,Rajasthan,NR,Bikaner-II,,Existing,7000.0,3000.0,4000.0,Existing,4460.0,1000.0,5460.0,0.0,0.0,0.0,0.0,0.0,0.0,0.0,0.0,0.0,5760MW:Nov'25 onwards (Upto Aug'26) (Ph-II/Ph-IV Part-I&II),
4,Rajasthan,NR,Bhadla-III,,Between Jul-25 to Dec-25,3500.0,0.0,3500.0,Sep'25,2750.0,1000.0,3750.0,0.0,0.0,0.0,0.0,0.0,0.0,0.0,0.0,0.0,"3700MW : Feb'26 onwards (Upto Aug'26 (Ph-IV)): cumulative at Ramgarh 
& Bhadla-III: Raj. (Ph-III)
Beyond 3700MW : Bhadla HVDC (Jan'29 Pole-1 & Jul'29 Pole-2)
Out of 3750MW, 250MW connectvity of standalone BESS  agreed for grant 
recently",
5,Rajasthan,NR,"Fatehgarh-Barmer  
Complex",,Between Jul-25 to Dec-25,7333.0,0.0,7333.0,,4185.0,3450.0,7635.0,0.0,0.0,0.0,0.0,0.0,0.0,0.0,0.0,0.0,Dec'25 onwards (Ph-III) (Upto Mar' 27(Ph-IV/V) ),
5a,Rajasthan,NR,Fatehgarh-III,Section-II,Between Jul-25 to Dec-25,5233.0,0.0,5233.0,Jul'25 onwards,2160.0,3450.0,5610.0,0.0,0.0,0.0,0.0,0.0,0.0,0.0,0.0,0.0,Dec'25 onwards- (Ph-III) (Upto Mar'27 (Ph-IV/V) ),
5b,Rajasthan,NR,Fatehgarh-IV,Section-I,Between Jul-25 to Dec-25,2100.0,0.0,2100.0,Aug'25,2025.0,0.0,2025.0,0.0,0.0,0.0,0.0,0.0,0.0,0.0,0.0,0.0,Dec'25 onwards (Ph-III) (Upto Aug26),
6,Rajasthan,NR,Ramgarh,,Between Jul-25 to Dec-25,4000.0,0.0,4000.0,Sep'25,1200.0,2784.0,3984.0,0.0,0.0,0.0,0.0,0.0,0.0,0.0,0.0,0.0,"650W-3100MW : Bhadla HVDC (Jan'29 Pole-1 & Jul'29 Pole-2)
Transmission system for evacuation of power (beyond 2.9GW and upto 4 
GW) HVDC sys. is under planning (Exp Comm. up to Oct'30).",
7,Rajasthan,NR,Bikaner-III,,Between Jul-25 to Dec-25,7000.0,3000.0,4000.0,Dec'25,2267.0,2400.0,4667.0,0.0,0.0,0.0,0.0,0.0,0.0,0.0,0.0,0.0,"4000MW: Dec'25 (Ph-IV, Part-I&II) (Upto Aug'26)
667MW: with Bikaner-IV tr. System having schedule Nov'26",
8,Rajasthan,NR,"Fatehgarh-IV 
(Section-II",,Between Jul-26 to Dec-31,9000.0,4000.0,5000.0,Aug'26,3480.0,1500.0,4980.0,0.0,0.0,0.0,0.0,0.0,0.0,0.0,0.0,0.0,"Hybrid RE Potential : 9GW (Wind+Solar) along with BESS (4 GW), S/s 
Evacuation Capacity: 5GW
For 4000MW (out of 5000MW): Nov'26 (Ph-IV, Part-II). 
For evacuation of balance 980MW : Dec'26 (Ph-IV, Part-IV).",
9,Rajasthan,NR,Barmer-I,,Between Jul-26 to Dec-31,5500.0,1500.0,4000.0,Nov'26,4000.0,0.0,4000.0,0.0,0.0,0.0,0.0,0.0,0.0,0.0,0.0,0.0,"Hybrid RE Potential: 5.5GW (Wind+Solar) along with BESS (1.5 GW), S/s 
Evacuation Capacity: 4GW.
About 1.5GW: Nov'26 (Ph-IV, Part-II)
For evacuation of >1.5GW (upto 4GW) : Upto Mar'27 (Ph-IV, Part-IV & Ph-
V Part-1)
For application of >4GW, connectvity will be provided at Barmer-II PS for 
which system is under approval (sch. Pole-I : Sep'29, Pole-2: Mar'30 ).",
10,Rajasthan,NR,Barmer-II,,Between Jul-26 to Dec-31,6000.0,0.0,6000.0,"Jan'30 to Jul'30 
(HVDC)",2080.0,3812.0,5892.0,0.0,0.0,0.0,0.0,0.0,0.0,108.0,0.0,108.0,"HVDC Corridor is recently approved  for total 6 GW capacity (Expected 
Sch.Pole-1:Jan'30, Pole-2: Jul'30].",
11,Rajasthan,NR,Barmer-III,,Between Jul-26 to Dec-31,6000.0,0.0,6000.0,"Oct'30 to Apr'31 
(HVDC)",2462.0,3450.0,5912.0,0.0,0.0,0.0,0.0,0.0,0.0,0.0,88.0,88.0,"HVDC Corridor is under planning for total 6 GW capacity (Expected 
Sch.Pole-1:Oct'30, Pole-2: Apr'31].",
12,Rajasthan,NR,Barmer-IV,,Between Jul-26 to Dec-31,6000.0,0.0,6000.0,"Jun'31 to Dec'31 
(HVDC)",600.0,2103.0,2703.0,575.0,950.0,1525.0,0.0,0.0,0.0,1772.0,0.0,1772.0,"HVDC Transmission system (6GW)  for evacuation of power  from  Barmer-
IV complexes is under planning (Exp. Comm. Schedule up to Dec'31).",
13,Rajasthan,NR,Bikaner-IV,,Between Jul-26 to Dec-31,6000.0,0.0,6000.0,Nov'26,3150.0,2850.0,6000.0,0.0,0.0,0.0,0.0,0.0,0.0,0.0,0.0,0.0,"Comprehensive Transmission scheme for Bikaner-IV PS (6GW) is under 
implementation (Sch. -Nov'26).",
14,Rajasthan,NR,Bikaner-V,,Between Jul-26 to Dec-31,6000.0,0.0,6000.0,"Apr'30 to Oct'30 
(HVDC)",3490.0,2510.0,6000.0,0.0,0.0,0.0,0.0,0.0,0.0,0.0,0.0,0.0,"HVDC Corridor is being planned for total 6 GW capacity (Expected Sch.Pole-
1:Apr'30, Pole-2: Oct'30].",
15,Rajasthan,NR,Bikaner-VI,,Between Jul-26 to Dec-31,3548.0,0.0,3548.0,"Jun'31 to Dec'31 
(HVDC)",600.0,0.0,600.0,1750.0,600.0,2350.0,0.0,0.0,0.0,1850.0,1200.0,3050.0,"HVDC Transmission system (6GW)  for evacuation of power  from  Bikaner-
VI complexes is under planning (Exp. Comm. Schedule up to Dec'31).",
16,Rajasthan,NR,Sirohi,,Between Jul-26 to Dec-31,3000.0,1000.0,2000.0,Aug'26,1400.0,700.0,2100.0,0.0,0.0,0.0,0.0,0.0,0.0,0.0,0.0,0.0,"Connectivity at Sirohi PS will be granted upto 2 GW only. Tr. System for 
evacuation of power from Sirohi PS is under implementation  (sch. 
Mar'27).
 Beyond 2 GW in Sirohi complex,  HVDC Transmission system  for 
evacuation of power  from Jalore complex (Jalore/Sanchore/Sirohi) for 
comined RE capacity of 6GW   is under planning (HVDC) (Exp. Comm. 
Schedule up to Jun'31).",
17,Rajasthan,NR,Bhadla-III,"Section
linked to Bhadla HVDC 
station &
system",Between Jul-26 to Dec-31,3000.0,0.0,3000.0,"Jan'29 (Pole-1) to
Jul'29 (Pole-2)",1550.0,1450.0,3000.0,0.0,0.0,0.0,0.0,0.0,0.0,0.0,0.0,0.0,"3700MW : Jun'25 onwards (Upto Aug'26): cumulative at Ramgarh & 
Bhadla-III: Raj. (Ph-III) Beyond 3700MW : Bhadla HVDC (Jan'29 Pole-1 & 
Jul'29 Pole-2).",
18,Rajasthan,NR,Bhadla-IV,,Between Jul-26 to Dec-31,5000.0,2000.0,2000.0,"Apr'30 to Oct'30 
(HVDC)",300.0,5525.0,5825.0,0.0,0.0,0.0,0.0,0.0,0.0,0.0,175.0,175.0,"Transmission system for evacauation of power from Bhadla-IV PS is under 
planning (6GW HVDC) (Expected Sch.Pole-1:Apr'30, Pole-2: Oct'30]). 
Connectivity beyond 6 GW at Bhadla-IV PS to be processed at Bhadla-V 
(Bhadla complex) for which  transmission system (HVDC) from Bhadla 
Complex to be evolved.",
19,Rajasthan,NR,Merta-II,,Between Jul-26 to Dec-31,2000.0,0.0,2000.0,Dec'26,2100.0,0.0,2100.0,0.0,0.0,0.0,0.0,0.0,0.0,0.0,0.0,0.0,"Tr. System for evacuation of power from Sirohi PS is under 
implementation  (sch. Mar'27). 
Beyond 2 GW in Merta/Nagaur complex, Tr. system (HVDC)  to be evolved",
20,Rajasthan,NR,Jalore,,Between Jul-26 to Dec-31,3000.0,1000.0,2000.0,"Dec'30 to Jun'31 
(HVDC)",1150.0,1000.0,2150.0,0.0,0.0,0.0,0.0,0.0,0.0,0.0,0.0,0.0,"HVDC Transmission system  for evacuation of power  from Jalore complex 
(Jalore/Sanchore/Sirohi) for comined RE capacity of 6GW   is under 
planning (HVDC) (Exp. Comm. Schedule up to Jun'31). At present 5220MW 
capacity granted/Agreed for grant at Sanchore & Jalore combindely. 
Balance capacity 780MW (6000-5220) is available for connectvity at 
Jalore/Sanchore/Sirohi-II PS",
21,Rajasthan,NR,Sanchore,,Between Jul-26 to Dec-31,3000.0,1000.0,2000.0,"Dec'30 to Jun'31 
(HVDC)",1050.0,2020.0,3070.0,0.0,0.0,0.0,0.0,0.0,0.0,0.0,0.0,0.0,"HVDC Transmission system  for evacuation of power  from Jalore complex 
(Jalore/Sanchore/Sirohi) for comined RE capacity of 6GW   is under 
planning (HVDC) (Exp. Comm. Schedule up to Jun'31).  At present 5220MW 
capacity granted/agreed for grant at Sanchore & Jalore combindely. 
Balance capacity 780MW (6000-5220) is available for connectvity at 
Jalore/Sanchore/Sirohi-II PS",
22,Rajasthan,NR,Ramgarh-II,,Between Jul-26 to Dec-31,8000.0,3000.0,5000.0,"Apr'30 to Oct'30 
(HVDC)",1647.0,3300.0,4947.0,150.0,0.0,150.0,0.0,0.0,0.0,19.0,0.0,19.0,"Hybrid RE Potential: 8GW (Wind+Solar) along with BESS (3 GW), S/s 
Evacuation Capacity: 5GW.
HVDC Transmission system  for evacuation of power from Ramgarh-II PS 
for evacuation of 6GW RE power (Ramgarh-I:0.9GW, Ramgarh-II:5.1 GW)  
is under planning (Exp Comm. Schedule up to Oct'30).
Connectivity beyond 5.1 GW at Ramgarh-II PS to be processed at Ramgarh-
III PS (Ramgarh complex) for which  transmission system (HVDC) from 
Ramgarh Complex to be evolved.",
23,Rajasthan,NR,Ramgarh-III,,Between Jul-26 to Dec-31,6000.0,0.0,6000.0,"Jun'31 to Dec'31 
(HVDC)",930.0,3282.0,4212.0,500.0,1177.33,1677.0,0.0,0.0,0.0,111.0,0.0,111.0,"HVDC Transmission system (6GW)  for evacuation of power  from  
Ramgarh-III complexes is under planning (Exp. Comm. Schedule up to 
Dec'31).",
24,Rajasthan,NR,Pali,,Between Jul-26 to Dec-31,3000.0,1000.0,2000.0,"Dec'30 to Jun'31 
(HVDC)",1705.0,600.0,2305.0,0.0,0.0,0.0,0.0,0.0,0.0,0.0,0.0,0.0,"HVDC Transmission system (6GW)  for combined capacity  6GW RE  from  
Nagaur(Merta) & Pali complexes is under planning (Exp. Comm. Schedule 
up to Jun'31). At present 3205MW capacity granted/agreed for grant at 
Pali and Merta-III combindely. Balance capacity 2795MW (6000-3205)( is 
available for connectvity at Pali/Merta-III PS",
25,Rajasthan,NR,Merta-III,,Between Jul-26 to Dec-31,,,,"Dec'30 to Jun'31 
(HVDC)",900.0,0.0,900.0,0.0,0.0,0.0,0.0,0.0,0.0,200.0,900.0,1100.0,"Beyond 2 GW in Merta/Nagaur complex, HVDC Transmission system 
(6GW)  for  combined capacity  6GW RE  from  Nagaur(Merta) & Pali 
complexes is under planning (Exp. Comm. Schedule up to Jun'31). At 
present 3205MW capacity granted/agreed for grant at Pali and Merta-III 
combindely. Balance capacity 2795MW (6000-3205)( is available for 
connectvity at Pali/Merta-III PS",
26,Ladakh,NR,Pang,Leh,Between Jul-26 to Dec-31,13000.0,0.0,13000.0,2029-30 (VSC HVDC),0.0,0.0,0.0,0.0,0.0,0.0,0.0,13000.0,13000.0,0.0,0.0,0.0,"Leh - Ensviaged RE Capacity (13 GW) for connnectivity in Ladakh including 
Solar, Wind & BESS. However, net evacaution capacity of HVDC tr. system 
is 5000MW. Connectivity applications in Ladakh are yet to be received.",
27,Rajasthan,NR,Bhadla-V,,Between Jul-26 to Dec-31,6000.0,0.0,6000.0,"Mar'31 to Sep'31 
(HVDC)",1300.0,4700.0,6000.0,0.0,0.0,0.0,0.0,0.0,0.0,0.0,0.0,0.0,"HVDC Transmission system (6GW)  for evacuation of power  from  Bhadla-
V complexes is under planning (Exp. Comm. Schedule up to Sep'31).",
28,Rajasthan,NR,Bhadla-VI,,Between Jul-26 to Dec-31,4830.0,0.0,4830.0,"Mar'32 to Sep'32 
(HVDC)",300.0,0.0,300.0,700.0,2100.0,2800.0,0.0,0.0,0.0,2000.0,900.0,2900.0,"HVDC Transmission system (6GW)  for evacuation of power  from  Bhadla-
VI complexes is under planning (Exp. Comm. Schedule up to Sep'32).",
29,Andhra Pradesh,SR,NP Kunta,,Existing,1500.0,0.0,1500.0,Existing,2200.0,0.0,2200.0,400.0,0.0,400.0,0.0,0.0,0.0,0.0,0.0,0.0,"1500 MW : Existing Tr. System
5th & 6th ICT (Dec'25)
7th ICT required for appplications beyond 2.5 GW",
30,Karnataka,SR,Pavagada,,Existing,2050.0,0.0,2050.0,Existing,2550.0,0.0,2550.0,0.0,0.0,0.0,0.0,0.0,0.0,0.0,0.0,0.0,"2050 MW : Existing Tr. System
500 MW : Dec'25: Narendra-Pune",
31,Tamil Nadu,SR,Tuticorin-II GIS,,Existing,2500.0,0.0,2500.0,Existing,2848.0,0.0,2848.0,100.0,0.0,100.0,52.0,0.0,52.0,,,,"1870 MW : Existing Tr. System
640 MW: Dec'25: Narendra-Pune  & 6th ICT
438 MW : Mar'27 : 7th ICT",
32,Karnataka,SR,Koppal PS,,Existing,2500.0,0.0,2500.0,Existing,2753.0,0.0,2753.0,300.0,0.0,300.0,0.0,0.0,0.0,,,,"1260 MW : Existing Tr. System
1493 MW:Dec'25: Narendra-Pune 
Koppal PS has been closed for all purposes and under process applications 
may not be accommodated.",
33,Tamil Nadu,SR,Karur PS,Phase-1,Existing,1000.0,0.0,1000.0,Existing,918.0,0.0,918.0,0.0,0.0,0.0,0.0,0.0,0.0,,,,"100 MW : Existing Tr. System
818 MW: Dec'25: Narendra-Pune",
34,Karnataka,SR,Gadag PS,,Existing,2500.0,0.0,2500.0,Existing,2243.0,0.0,2243.0,0.0,0.0,0.0,0.0,0.0,0.0,,,,"460 MW : Existing Tr. System
1923 MW: Dec'25: Narendra-Pune",
35,Andhra Pradesh,SR,Kurnool-III PS,,Existing,4500.0,0.0,4500.0,Existing,2250.0,1850.0,4100.0,0.0,0.0,0.0,0.0,0.0,0.0,,,,"Kurnool-III PS commissioned, entire system expected by Sept'25
Kurnool-III PS has been closed for all purposes.",
36,Tamil Nadu,SR,Karur PS,Phase-II,Between Jul-25 to Dec-25,1500.0,0.0,1500.0,Feb'26,1351.0,0.0,1351.0,300.0,0.0,300.0,0.0,0.0,0.0,0.0,0.0,0.0,"Augmentation of ICTs and transmission line  is required to accommodate 
under process applications 
Entire quantum of the under process applicatiuon cannot be accomadetd",
37,Karnataka,SR,"Koppal-II/ Gadag-II 
Complex",,Between Jul-25 to Dec-25,8000.0,2000.0,6000.0,,6620.0,1800.0,8420.0,635.0,0.0,635.0,600.0,0.0,600.0,0.0,0.0,0.0,,
37a,Karnataka,SR,Koppal-II PS,,Between Jul-25 to Dec-25,4000.0,1000.0,3000.0,Dec'25,3305.0,0.0,3305.0,175.0,0.0,175.0,600.0,0.0,600.0,0.0,,0.0,Dec'25,
37b,Karnataka,SR,Gadag-II PS,,Between Jul-25 to Dec-25,4000.0,1000.0,3000.0,Dec'25,3316.0,1800.0,5116.0,460.0,0.0,460.0,0.0,0.0,0.0,0.0,,0.0,"Dec'25 
PSP  not considered for determination of margins.",
38,Andhra Pradesh,SR,Ananthapuram PS,,Between Jul-25 to Dec-25,3500.0,0.0,3500.0,Sept'25,1545.0,2484.0,4029.0,0.0,0.0,0.0,0.0,0.0,0.0,0.0,0.0,0.0,"Sept'25 
Ananthapuram PS has been closed for all purposes",
39,Karnataka,SR,Pavagada,"expansion 
with ICTs",Between Jul-25 to Dec-25,0.0,0.0,0.0,Sept'25,800.0,0.0,800.0,0.0,0.0,0.0,0.0,0.0,0.0,0.0,0.0,0.0,800 MW : Sep'25 : 7th ICT,
40,Karnataka,SR,Davangere Complex,,Beyond Dec-25,8500.0,1000.0,7500.0,Mar'27,7022.0,850.0,7872.0,2989.0,0.0,2989.0,0.0,0.0,0.0,0.0,0.0,0.0,Mar'27  to Sep'27 (assuming SPV transfer by Mar'25),
40a,Karnataka,SR,Davangere,,Beyond Dec-25,4250.0,1000.0,3250.0,Mar'27,3388.0,850.0,4238.0,724.0,0.0,724.0,0.0,0.0,0.0,0.0,0.0,0.0,"2000 MW :Mar'27
Balance tr. System under bidding 
All under process applications may not be accommodated.",
40b,Karnataka,SR,Bellary,,Beyond Dec-25,4250.0,0.0,4250.0,Sep'27,3634.0,0.0,3634.0,2265.0,0.0,2265.0,0.0,0.0,0.0,0.0,0.0,0.0,"1500 MW :Sep'27
Balance tr. System under bidding 
All under process applications may not be accommodated.",
41,Karnataka,SR,Bijapur,,Beyond Dec-25,3500.0,0.0,3500.0,Jan'27,1962.0,0.0,1962.0,4431.0,1200.0,5631.0,0.0,0.0,0.0,0.0,0.0,0.0,"2000 MW :Jan'27
All under process applications may not be accommodated.",
42,Karnataka,SR,Bidar PS,,Beyond Dec-25,2500.0,0.0,2500.0,Feb'26,3350.0,0.0,3350.0,1650.0,1100.0,2750.0,0.0,0.0,0.0,0.0,0.0,0.0,"2500 MW : Feb'26
1000 MW: Feb'27 (Augmentation of 3x500 MVA ICTs (6th - 8th) & 1x1500 
MVA ICT(4th))
Transmission system for application beyond  3.5 GW has been put-on hold by 
NCT",
43,Andhra Pradesh,SR,"Ananthapuram/ 
Kurnool complex",,Beyond Dec-25,19500.0,0.0,19500.0,,10410.0,7730.0,18140.0,0.0,1450.0,1763.0,180.0,0.0,180.0,0.0,0.0,0.0,Progressivly from Mar'27 to Apr'27,
43a,Andhra Pradesh,SR,Kurnool-III,"Expansion 
with ICTs",Beyond Dec-25,4500.0,0.0,4500.0,Mar'27,0.0,3500.0,3500.0,0.0,1450.0,1450.0,0.0,0.0,0.0,0.0,0.0,0.0,"• PSP  not considered for determination of margins
•  Kurnool-III PS has been closed for all purposes. 
All under process applications may not be accommodated.",
43b,Andhra Pradesh,SR,Ananthapuram PS-II,,Beyond Dec-25,7500.0,0.0,7500.0,"Mar'27 (Ph-I)
Mar'28 (Ph-II)",5420.0,1900.0,7320.0,0.0,0.0,313.0,0.0,0.0,0.0,0.0,0.0,0.0,"Mar'27 (Phase-1) 
Progressively from Sept'27 to Mar'28  (Phase-2)
All under process applications may not be accommodated.",
43c,Andhra Pradesh,SR,Kurnool-IV,,Beyond Dec-25,7500.0,0.0,7500.0,"Mar'27 (Ph-I)
Mar'28 (Ph-II)",4990.0,2330.0,7320.0,0.0,0.0,0.0,180.0,0.0,180.0,0.0,0.0,0.0,"Mar'27 (Phase-1)
Progressively from Sept'27 to Mar'28  (Phase-2)",
44,Karnataka,SR,Tumkur-II,,Beyond Dec-25,3000.0,0.0,3000.0,Sep'26,2100.0,0.0,2100.0,2450.0,0.0,2450.0,0.0,0.0,0.0,0.0,0.0,0.0,"1500 MW : Sep'26
All under process applications may not be accommodated.",
45,Telangana,SR,Nizamabad Complex,,Beyond Dec-25,5000.0,0.0,5000.0,,0.0,0.0,0.0,0.0,0.0,0.0,5000.0,0.0,5000.0,8500.0,0.0,8500.0,"Locations for RE potential declared in Telanagana under review by 
MNRE/SECI. Transmisison system put on-hold by NCT till finalization of same.",
45a,Telangana,SR,Nizamabad-II,,Beyond Dec-25,2000.0,0.0,2000.0,,0.0,0.0,0.0,0.0,0.0,0.0,2000.0,0.0,2000.0,2500.0,,2500.0,"Locations for RE potential declared in Telanagana under review by 
MNRE/SECI. Transmisison system put on-hold by NCT till finalization of same.",
45b,Telangana,SR,Medak,,Beyond Dec-25,1500.0,0.0,1500.0,,0.0,0.0,0.0,0.0,0.0,0.0,1500.0,0.0,1500.0,3000.0,,3000.0,"Locations for RE potential declared in Telanagana under review by 
MNRE/SECI. Transmisison system put on-hold by NCT till finalization of same.",
45c,Telangana,SR,Rangareddy,,Beyond Dec-25,1500.0,0.0,1500.0,,0.0,0.0,0.0,0.0,0.0,0.0,1500.0,0.0,1500.0,3000.0,,3000.0,"Locations for RE potential declared in Telanagana under review by 
MNRE/SECI. Transmisison system put on-hold by NCT till finalization of same.",
46,Tamil Nadu,SR,Avairakulam,"Off 
shore",Beyond Dec-25,500.0,0.0,500.0,Dec'30,0.0,0.0,0.0,0.0,0.0,0.0,500.0,0.0,500.0,4500.0,0.0,4500.0,Mar'2030,
47,Karnataka,SR,Pavagada,"expansion 
with ICTs",Beyond Dec-25,0.0,0.0,0.0,May'26,1150.0,0.0,1150.0,1400.0,0.0,1400.0,0.0,0.0,0.0,0.0,0.0,0.0,"8th, 9th & 10th ICTs : May'26
Under process applications may not be accommodated.",
48,Andhra Pradesh,SR,Ananthapuram PS-III,,Beyond Dec-25,7500.0,0.0,7500.0,Sep'28,3630.0,0.0,3630.0,1360.0,0.0,1360.0,2510.0,0.0,2510.0,0.0,0.0,0.0,Ph-I (4.5 GW) Sep'28,
49,Andhra Pradesh,SR,Kurnool-V,,Beyond Dec-25,7500.0,0.0,7500.0,Sep'28,1330.0,0.0,1330.0,570.0,0.0,570.0,5600.0,0.0,5600.0,0.0,0.0,0.0,Ph-I (4.5 GW) Sep'28,
50,Andhra Pradesh,SR,Kadapa-II,,Beyond Dec-25,7500.0,0.0,7500.0,Dec'28,600.0,0.0,600.0,0.0,0.0,0.0,1400.0,2500.0,3900.0,2000.0,1000.0,3000.0,Dec'28,
51,Gujarat,WR,Bhuj complex,,Existing,5500.0,,5500.0,Existing,5559.0,0.0,5559.0,0.0,0.0,0.0,0.0,0.0,0.0,0.0,0.0,0.0,Existing Tr. System,
51a,Gujarat,WR,Bhuj PS,,Existing,3500.0,,3500.0,Existing,3500.0,,3500.0,0.0,,0.0,0.0,0.0,0.0,,,,Existing Tr. System.,
51b,Gujarat,WR,Bhuj-II PS,,Existing,2000.0,,2000.0,Existing,2059.0,,2059.0,,,0.0,0.0,0.0,0.0,0.0,0.0,0.0,Existing Tr. System.,
52,Gujarat,WR,Radhanesda PS,,Existing,700.0,,700.0,Existing,1250.0,,1250.0,0.0,,0.0,0.0,0.0,0.0,,,,Existing Tr. System.,
53,Gujarat,WR,Jam Khambhaliya PS,,Existing,2000.0,,2000.0,Existing,1969.0,0.0,1969.0,0.0,0.0,0.0,0.0,0.0,0.0,0.0,0.0,0.0,Existing Tr. System.,
54,Maharashtra,WR,Kallam PS,Ph-I,Existing,1000.0,,1000.0,Existing,916.0,0.0,916.0,0.0,0.0,0.0,0.0,0.0,0.0,,,,1GW: Commissioned,
55,Madhya Pradesh,WR,Pachora PS,,Existing,1500.0,,1500.0,Existing,1398.0,,1398.0,0.0,,0.0,0.0,0.0,0.0,,,,1.5GW: Commissioned,
56,Madhya Pradesh,WR,Neemuch PS,,Existing,1000.0,,1000.0,Existing,950.0,,950.0,0.0,,0.0,0.0,0.0,0.0,0.0,0.0,0.0,1GW: Commissioned,
57,Maharashtra,WR,Solapur S/s,,Existing,2000.0,,2000.0,Existing,,2000.0,2000.0,,0.0,0.0,,0.0,0.0,,,,"Sep-24: Under Scope of applicant (ReNew). 
NO FURTHER MARGINS LEFT BEYOND 2GW. Application for 237MW needs 
to be deliberated.
Connectivity of  (100+76+48MW) of Renew has been revoked under non-
compliance of 24.6 & the matter is presently subjudice.",
58,Gujarat,WR,Khavda I PS,Sec I,Existing,3000.0,,3000.0,Existing,,3000.0,3000.0,,,0.0,0.0,0.0,0.0,,,,3GW: Commissioned,
59,Gujarat,WR,Khavda complex,,Between Jul-26 to Jun'25,10500.0,,10500.0,,0.0,10500.0,10500.0,0.0,0.0,0.0,0.0,0.0,0.0,,,,,
59a,Gujarat,WR,Khavda I PS,Sec II,Between Jul-26 to Jun'25,4500.0,,4500.0,Sec-II: Jan'25,,4500.0,4500.0,,,0.0,0.0,0.0,0.0,,,,"•Ph-1: 3GW -  KPS1 (Comm) / KPS2: Jan'25(SCOD)/ Sep'25 (ACOD)
•Ph-2: 5GW- Mar'25 (SCOD)/Nov'25 (ACOD)
•Ph-3: 7GW- Dec'25 (SCOD)/ Jun'26 (ACOD)",
59b,Gujarat,WR,Khavda II PS,Sec-I & II,Between Jul-26 to Jun'25,3000.0,,3000.0,Sec-I & II: Jan'25,,3000.0,3000.0,,,0.0,0.0,0.0,0.0,,,,,
59c,Gujarat,WR,Khvada III PS,Sec-I,Between Jul-26 to Jun'25,3000.0,,3000.0,Jan'25,,3000.0,3000.0,,,0.0,0.0,0.0,0.0,,,,,
60,Madhya Pradesh,WR,Chhatarpur PS,,Between Jul-26 to Jun'25,0.0,,0.0,Scheme dropped.,0.0,,0.0,,,0.0,0.0,0.0,0.0,,,,"Scheme has been dropped as decided in NCT meeting & to be denotified by 
MoP.",
61,Maharashtra,WR,Kallam PS,Ph-II,Between Jul-26 to Jun'25,1000.0,,1000.0,Dec-24 (1GW),835.0,1022.0,1856.0,0.0,200.0,200.0,150.0,78.0,228.0,,,,"1GW ICTs: Dec-24 & System for 2.25GW: Under Implementation-Oct-25 
(exptd)
148.75MW Connectivity granted to Anupavan has been revoked under 11A. 
Further, 200MW connectivity of Serentica & 117MW of Renew(MHP) has 
been revoked under 24.6, however, matter is presently subjudice.",
62,Gujarat,WR,Khavda complex,,Between Jul-25 to Dec-25,9000.0,,9000.0,,0.0,9000.0,9000.0,0.0,0.0,0.0,0.0,0.0,0.0,,,,"•Ph-1: 3GW -  Completed in Feb-24. However, 2GW at KPS2 using Ph-I 
system would also require KPS2 S/s (Jan'25)
•Ph-2: 5GW- Mar'25 (SCOD) 
•Ph-3: 7GW- Dec'25 (SCOD)
•Ph-4: 7GW-Nov'26 (SCOD)
•Ph-V:  LCC Bipole-I:Nov'28) & LCC Bipole-II: May'29 (SCOD) / VSC 48 
months from SPV transfer",
62a,Gujarat,WR,Khavda I PS,Sec-I,Between Jul-25 to Dec-25,1500.0,,1500.0,Sec-I ICT: Jul'25,,1500.0,1500.0,,,0.0,0.0,0.0,0.0,,,,"Total transformation capacity at Khavda complex  (considering N-1 on each 
section):
KPS1 - Sec-I: 4.5GW ; Sec-2: 6GW
Total KPS1: 10.5GW
KPS2 - Sec-I: 6GW ; Sec-2: 4.5GW
Total KPS2: 10.5GW
KPS3 - Sec-I: 4.5GW ; Sec-2: 4.5GW",
62b,Gujarat,WR,Khavda II PS,Sec-I & II,Between Jul-25 to Dec-25,6000.0,,6000.0,Sec-I & II ICTs : Feb'26,,6000.0,6000.0,,0.0,0.0,0.0,0.0,0.0,,,,,
62c,Gujarat,WR,Khvada III PS,Sec-I,Between Jul-25 to Dec-25,1500.0,,1500.0,Sec-I ICT : Jul'25,,1500.0,1500.0,,0.0,0.0,0.0,0.0,0.0,,,,"Total KPS3: 9GW
Total (KPS1, KPS2 & KPS3): 30GW",
63,Gujarat,WR,Bhuj PS,,Between Jul-25 to Dec-25,500.0,,500.0,Jul'25,464.0,,464.0,0.0,,0.0,0.0,0.0,0.0,,,,"9th ICT at Bhuj PS shall be required for applications beyond 3500MW
NO FURTHER MARGINS ARE NOW AVAILABLE. Applications reeived 
beyond margins.",
64,Gujarat,WR,Lakadia PS,,Between Jul-25 to Dec-25,1000.0,,1000.0,Oct'25,950.0,0.0,950.0,0.0,,0.0,0.0,0.0,0.0,0.0,0.0,0.0,Oct-25: Under Implementation,
65,Maharashtra,WR,Parli (New) S/s,,Between Jul-25 to Dec-25,1000.0,,1000.0,Dec'25 (Bay),,800.0,800.0,,0.0,0.0,,200.0,200.0,,,,400kV bay under construction (suitable for 1000MW evacuation): Dec'25,
66,Gujarat,WR,Khavda complex,,Beyond Dec-25,7500.0,,7500.0,,0.0,19390.0,19390.0,0.0,1600.0,1600.0,0.0,0.0,0.0,0.0,0.0,0.0,"•Ph-1: 3GW -  Completed in Feb-24. However, 2GW at KPS2 using Ph-I 
system would also require KPS2 S/s (Jan'25)
•Ph-2: 5GW- Mar'25 (SCOD) 
•Ph-3: 7GW- Dec'25 (SCOD)
•Ph-4: 7GW-Nov'26 (SCOD)
•Ph-V:  LCC Bipole-I:Nov'28) & LCC Bipole-II: May'29 (SCOD) / VSC 48 
months from SPV transfer",
66a,Gujarat,WR,Khavda I PS,Sec-I,Beyond Dec-25,1500.0,,1500.0,Sec-I ICT: 2026-27,,1500.0,1500.0,0.0,0.0,0.0,0.0,0.0,0.0,0.0,0.0,0.0,"Total transformation capacity at Khavda complex  (considering N-1 on each 
section):
KPS1 - Sec-I: 6GW ; Sec-2: 4.5GW
Total KPS1: 10.5GW
KPS2 - Sec-I: 6GW ; Sec-2: 4.5GW
Total KPS2: 10.5GW
KPS3 - Sec-I: 4.5GW ; Sec-2: 4.5GW
Total KPS3: 9GW
Total (KPS1, KPS2 & KPS3): 30GW
Under Process Application received for 1250MW at KPS2 is beyond Phase-
VII system.",
66b,Gujarat,WR,Khavda II PS,Sec-I & II,Beyond Dec-25,1500.0,,1500.0,Sec-I ICT:  2026-27,,250.0,250.0,,1250.0,1250.0,0.0,0.0,0.0,,0.0,0.0,,
66c,Gujarat,WR,Khvada III PS,Sec-I & II,Beyond Dec-25,4500.0,,4500.0,"Sec-II ICTs: Jun-26 
(3x1500) & 
2026-27 (1x1500)",,5140.0,5140.0,,0.0,0.0,0.0,0.0,0.0,,0.0,0.0,,
66d,Gujarat,WR,Khavda IV PS,Sec-I & II,Beyond Dec-25,0.0,,8750.0,2027-28,,8750.0,8750.0,,0.0,0.0,0.0,0.0,0.0,0.0,0.0,0.0,"The Khavda Phase-I to Phase-VII shall be required for enabling evacuation of 
power upto 41.5GW from Khavda area out of which Phase-VI (5.5GW) & 
Phase-VII (6GW HVDC) are under approval stage.",
66e,Gujarat,WR,Khavda V PS,Sec-I,Beyond Dec-25,0.0,,3750.0,2027-28,,3750.0,3750.0,,350.0,350.0,0.0,0.0,0.0,0.0,0.0,0.0,"The Khavda Phase-I to Phase-VII shall be required for enabling evacuation of 
power upto 41.5GW from Khavda area out of which Phase-VI (5.5GW) & 
Phase-VII (6GW HVDC) are under approval stage.
Under Process Application received for 350MW at KPS5 is beyond Phase-
VII system.",
67,Maharashtra,WR,Solapur PS,1.5GW,Beyond Dec-25,1500.0,,1500.0,Mar-26 (exptd),2450.0,800.0,3250.0,,2207.0,2207.0,0.0,0.0,0.0,0.0,0.0,0.0,"Solapur Ph-I (1.5GW): Mar-26: Under Implementation
Solapur Ph-II (2GW): On hold pending potential declaration by MNRE
For balance applications received at Solapur PS beyond 3.5GW, additional 
System / Pooling Station may be needed.
200MW margin is available at 400kV which will be allocated to applicants 
in order of priority of applications at Solapur PS.",
68,Madhya Pradesh,WR,Pachora PS,,Beyond Dec-25,2000.0,,2000.0,Feb-26 (exptd),2602.0,,2602.0,0.0,,0.0,0.0,0.0,0.0,0.0,0.0,0.0,"Rajgarh Ph-I(1.5GW): Commissioned, Ph-II (1GW): Under Implementation & 
Ph-III (1.5GW): Under Bidding
NO FURTHER MARGINS ARE AVAILABLE (BEYOND 4000MW AT PACHORA 
PS).",
69,Madhya Pradesh,WR,Mandsaur PS,,Beyond Dec-25,2000.0,,2000.0,Aug-26 (exptd),2998.0,1500.0,4498.0,,2484.0,2484.0,0.0,0.0,0.0,0.0,0.0,0.0,"Aug-26 : Under Implementation
With grant of connectivity under GNA to PSP at 400kV level (1512MW), it 
is considered at PSP shall not inject power under high RE period and hence 
not considered in given table
ICT Augmentation (765/400kV as well as 400/220kV ICTs) shall be required 
at Mandsaur for under process applications, as applicable.
NO FURTHER MARGINS ARE AVAILABLE (BEYOND 4500MW AT MANDSAUR 
PS). Applications received beyond 4500MW would need to be deliberated.",
70,Maharashtra,WR,Dhule PS,,Beyond Dec-25,2000.0,,2000.0,Feb-26 (exptd),1976.0,,1976.0,2245.0,,2245.0,0.0,0.0,0.0,0.0,0.0,0.0,"Feb-26 (SCOD): Under  Implementation. NO FURTHER MARGINS ARE 
AVAILABLE (BEYOND 2000MW. 
Applications received beyond 2000MW would require additional Tr. System 
to be planned.",
71,Gujarat,WR,Jamnagar,,Beyond Dec-25,1000.0,,1000.0,"Sep-26 (extd). 
400/220kV ICT 
Augmentation under 
planning",1000.0,0.0,1000.0,956.0,0.0,956.0,0.0,0.0,0.0,0.0,0.0,0.0,"765/400kV Jamnagar S/s is presently under tendering with time-line of 24 
months from SPV transfer. 
ICT Augmentation shall be required for injection at 220kV level.
Applications received beyond 1000MW would  also require additional Tr. 
System to be planned.",
72,Gujarat,WR,Lakadia-I  PS,,Beyond Dec-25,2000.0,,2000.0,Aug-26 (exptd),2550.0,0.0,2550.0,0.0,,0.0,0.0,,0.0,,,0.0,"Total 3.5GW Capacity planned at Lakadia S/s and NO FURTHER MARGINS 
EXIST AT 220kV LEVEL OF LAKADIA S/s",
73,Gujarat,WR,"Jam Khambhaliya-II / 
Kalyanpur",,Beyond Dec-25,2000.0,,2000.0,2027-28,3500.0,1000.0,4500.0,,450.0,450.0,0.0,0.0,0.0,,,0.0,Substation is under planning for 4.5GW in first phase.,
74,Gujarat,WR,Raghanesda,GIS,Beyond Dec-25,3000.0,,3000.0,"Oct-27
(SCOD)",650.0,2800.0,3450.0,1105.0,5112.0,6217.0,,0.0,0.0,,,0.0,"Substation is under implementation.
NO FURTHER MARGINS ARE NOW AVAILABLE IN UNDER BIDDING SYSTEM. 
After 3.5GW, Augmentation shall be required for RE beyond 3.5GW  at 
Raghanesda PS. Applications are received beyond Substation capacity.",
75,Gujarat,WR,Bhuj-II PS,,Beyond Dec-25,0.0,,0.0,"0.5GW: Nov'26 & 
1.5GW: Dec'26",1442.0,,1442.0,0.0,2759.0,2759.0,,0.0,0.0,0.0,0.0,0.0,"NO FURTHER MARGINS ARE NOW AVAILABLE.
For applications received beyond 2000MW, augmentation needs to be 
taken up. 
500MW (350+50+100MW) Connectivity of Acme has been revoked based 
on applicants request. Further, 300MW Connectivity of Inox has been 
revoked under non-compliance of 24.6. The margin would be allocated to 
applicants after reallocation exercise in order of priority at Bhuj complex.",
76,Gujarat,WR,Jam Khambhaliya PS,,Beyond Dec-25,1000.0,,1000.0,May'26,1031.0,951.0,1982.0,0.0,0.0,0.0,0.0,0.0,0.0,0.0,0.0,0.0,"Augmentation of 400/220kV ICTs is required.  Margins are shown 
considering 9th ICT at JK PS as confirmed by JKTL. 
NO FURTHER MARGINS ARE NOW AVAILABLE.",
77,Madhya Pradesh,WR,Ishanagar,,Beyond Dec-25,0.0,,0.0,Feb'26,0.0,650.0,650.0,,630.0,630.0,,0.0,0.0,,,0.0,Under Implementation. No further margins available at the substation.,
78,Madhya Pradesh,WR,Kurawar,,Beyond Dec-25,0.0,,0.0,Sep'26,0.0,,0.0,,950.0,950.0,,,0.0,350.0,,350.0,Under Implementation,
79,Madhya Pradesh,WR,Neemuch PS,,Beyond Dec-25,0.0,,0.0,2027-28,1050.0,,1050.0,0.0,0.0,0.0,0.0,0.0,0.0,0.0,0.0,0.0,"Neemuch Ph-I(1GW): Commissioned, Ph-II (1GW): Under Bidding.
NO FURTHER MARGINS ARE AVAILABLE (BEYOND 2000MW AT NEEMUCH 
PS).",
80,Gujarat,WR,Lakadia PS-II,Near Chitrod,Beyond Dec-25,0.0,,0.0,2027-28,3879.0,3621.0,7500.0,0.0,795.0,795.0,0.0,0.0,0.0,0.0,0.0,0.0,"Substation is uner planning for 7.5GW. Applications received beyond 7.5GW 
cannot be accomodated at this substation.",
81,Gujarat,WR,Bhuj PS,,Beyond Dec-25,500.0,,500.0,2026-27,460.0,,460.0,0.0,,0.0,0.0,0.0,0.0,0.0,0.0,0.0,"Margin of 76.4MW is being requested by pending applicants at Bhuj-II PS. 
Hence, no margin is left. Further, 93.5MW Connectivity of Netra & 2.1MW of 
Avikiran has been revoked under non-compliance of 24.6. The margin would 
be allocated to applicants in order of priority after reallocation exercise at 
Bhuj complex.",
82,Madhya Pradesh,WR,Morena PS,Ph-I,Beyond Dec-25,2500.0,,2500.0,2027-28,1550.0,750.0,2300.0,350.0,500.0,850.0,0.0,0.0,0.0,850.0,0.0,850.0,"Ph-I (2.5GW) under bidding stage. For applications beyond 2.5GW, additional 
transmission system is being planned.",
83,Gujarat,WR,Mahuva Offshore PS,Ph-I,Beyond Dec-25,500.0,,500.0,2029,0.0,,0.0,0.0,,0.0,500.0,,500.0,0.0,0.0,0.0,Scheme under implementation by POWERGRID with SCOD of Mar-29,
84,Assam,NER,Bokajan,,Beyond Dec-25,1000.0,0.0,1000.0,Dec-26 (exptd),0.0,750.0,750.0,0.0,0.0,0.0,0.0,250.0,250.0,1500.0,0.0,1500.0,Under Implementation,
