page,source_table,region,state,district,complex,s_s,location_village_tehsil,solar,wind,hybrid,others_ctuil,re_potential_gw,installed_capacity,uc_granted_capacity,transmission_scheme,complex_2,remarks
10,5,,,Bikaner,,,Bikaner,1.85,,,,,,,,,
10,5,,,Bikaner,,,Bikaner,2.95,,,,,,,,,
10,5,,,Kurnool,,,Kurnool,5.5,,,,,,,,,
10,5,,,Anantapur,,,Anantapur,2.5,,,,,,,,,
10,5,,,Gadag,,,Gadag,2.5,,,,,,,,,
10,5,,,Koppal,,,Koppal,2.5,,,,,,,,,
13,11,,Rajasthan,,,,,15.0,1.0,,,60.0,,,,,45 GW   (15 GW Wind & 30  GW solar in GIB  Zone)
13,11,,Andhra Pradesh,,,,,18.0,2.0,,,33.0,,,,,
13,11,,Karnataka,,,,,8.0,3.0,,,9.0,,,,,
13,11,,Tamil Nadu,,,,,5.0,4.0,,,5.0,,,,,Offshore wind
13,11,,Telangana,,,,,3.0,5.0,,,10.0,,,,,
13,11,,Madhya Pradesh,,,,,2.0,6.0,,,6.0,,,,,
13,11,,Gujarat,,,,,5.0,7.0,,,5.0,,,,,Offshore wind
13,11,,Maharashtra,,,,,2.0,8.0,,,5.5,,,,,
14,13,,Rajasthan,,,,,30.0,75.0,,,,,,,,
14,13,,Andhra Pradesh,,,,,10.0,51.0,,,10.0,,,,,
14,13,,Karnataka,,,,,2.0,17.0,,,2.0,,,,,
14,13,,Tamil Nadu,,,,,5.0,5.0,,,,,,,,
14,13,,Telangana,,,,,1.0,13.0,,,2.5,,,,,
14,13,,Madhya Pradesh,,,,,2.0,8.0,,,,,,,,
14,13,,Gujarat,,,,,5.0,5.0,,,,,,,,
14,13,,Maharashtra,,,,,1.0,7.5,,,1.0,,,,,
16,16,,Rajasthan,,,,,60.0,15.0,,,67.5,,,,,
21,18,,Gujarat,,,,,,,,,,,,,,
21,18,,Maharashtra,,,,,,,,,,,,,,
21,18,,Maharashtra,,,,,5.5,2.0,,,6.5,,,,,5.4
21,18,,Madhya Pradesh,,,,,,,,,,,,,,
21,18,,Madhya Pradesh,,,,,6.0,2.0,,,8.0,,,,,
26,24,,Andhra Pradesh,,,,,,,,,,,,,,
26,24,,Andhra Pradesh,,,,,33.0,18.0,,,41.0,,,,,
26,24,,Karnataka,,,,,,,,,,,,,,
26,24,,Karnataka,,,,,9.0,8.0,,,14.0,,,,,
26,24,,Telangana,,,,,,,,,,,,,,
26,24,,Telangana,,,,,10.0,3.0,,,11.5,,,,,8.5
26,24,,Tamil Nadu,,,,,,,,,,,,,,
38,37,,Telangana,Bikaner,,,Bikaner,8.0,8.1,,,400.0,,,,,
39,38,,Telangana,Bikaner,,,Bikaner,400.0,,,,,,,,,
39,38,,Telangana,Bikaner,,,Bikaner,300.0,,,,,,,,,
39,38,,Telangana,Bikaner,,,Bikaner,9.0,8.1,,,400.0,,,,,
39,38,,Telangana,Gadag,,,Gadag,12.0,1000.0,,,400.0,,,,,
39,38,,Telangana,Gadag,,,Gadag,400.0,,,,,,,,,
39,38,,Telangana,Koppal,,,Koppal,13.0,2500.0,,,400.0,,,,,
39,38,,Telangana,Koppal,,,Koppal,400.0,,,,,,,,,
39,38,,Telangana,Koppal,,,Koppal,2.0,,,,,,,,,
40,39,,Telangana,Gadag,,,Gadag,11.0,1500.0,,,400.0,,,,,
40,40,,Telangana,Kurnool,,,Kurnool,1.0,2500.0,,,400.0,,,,,
40,40,,Telangana,Kurnool,,,Kurnool,400.0,,,,,,,,,
40,40,,Telangana,Anantapur,,,Anantapur,400.0,,,,,,,,,
40,40,,Telangana,Kurnool,,,Kurnool,3.0,3000.0,,,765.0,,,,,
40,40,,Telangana,Kurnool,,,Kurnool,765.0,,,,,,,,,
47,50,,Rajasthan,,,,,7.0,0.0,,,7.0,,,,,
47,50,,Rajasthan,,,,,6.0,6.0,,,12.0,,,,,
47,50,,Rajasthan,,,,,6.0,4.0,,,10.0,,,,,
47,50,,Rajasthan,,,,,3.0,0.0,,,3.0,,,,,
47,50,,Rajasthan,,,,,2.0,0.0,,,2.0,,,,,
47,50,,Rajasthan,,,,,3.0,2.0,,,5.0,,,,,
47,50,,Rajasthan,,,,,4.0,3.0,,,7.0,,,,,
47,50,,Rajasthan,,,,,6.0,0.0,,,6.0,,,,,
47,50,,Rajasthan,,,,,5.0,0.0,,,5.0,,,,,
47,50,,Maharashtra,,,,,1.0,0.0,,,1.0,,,,,
47,50,,Maharashtra,,,,,1.0,1.0,,,2.0,,,,,
47,50,,Maharashtra,,,,,2.5,2.5,,,0.0,,,,,2.5
47,50,,Gujarat,,,,,5.0,5.0,,,2.0,,,,,
47,50,,Telangana,,,,,2.5,1.0,,,3.5,,,,,
47,50,,Telangana,,,,,2.5,0.0,,,2.5,,,,,0.5
48,51,,Karnataka,,,,,2.0,2.0,,,4.0,,,,,
48,51,,Karnataka,,,,,0.0,2.0,,,2.0,,,,,
48,51,,Karnataka,,,,,1.5,0.0,,,1.5,,,,,
48,51,,Tamil Nadu,,,,,5.0,5.0,,,0.0,,,,,
49,52,,Tamil Nadu,,Bikaner-II,Bikaner-II,,7.0,0.0,,0.0,7.0,,,,,
49,52,,Tamil Nadu,,Bikaner-III,Bikaner-III,,7.0,0.0,,0.0,7.0,,,,,
49,52,,Tamil Nadu,,Fatehgarh-IV,Fatehgarh-IV,,6.0,6.0,,2.0,12.0,,,,,
49,52,,Tamil Nadu,,Ramgarh,Ramgarh,,6.0,4.0,,2.0,10.0,,,,,
49,52,,Tamil Nadu,,Jalore,Jalore,,3.0,0.0,,0.0,3.0,,,,,
49,52,,Tamil Nadu,,Sanchore,Sanchore,,3.0,0.0,,0.0,3.0,,,,,
49,52,,Tamil Nadu,,Sirohi,Sirohi,,3.0,0.0,,0.0,3.0,,,,,
49,52,,Tamil Nadu,,Pali,Pali,,3.0,0.0,,0.0,3.0,,,,,
49,52,,Tamil Nadu,,Ajmer,Ajmer,,2.0,0.0,,0.0,2.0,,,,,
49,52,,Tamil Nadu,,Nagaur,Nagaur,,2.0,0.0,,0.0,2.0,,,,,
49,52,,Tamil Nadu,,Bhadla-IV,Bhadla-IV,,3.0,2.0,,0.0,5.0,,,,,
49,52,,Tamil Nadu,,Barmer-I,Barmer-I,,4.0,3.0,,2.0,7.0,,,,,
49,52,,Tamil Nadu,,Barmer-II,Barmer-II,,6.0,0.0,,0.0,6.0,,,,,
49,52,,Tamil Nadu,,Jaisalmer/ Jodhpur  (Intra-State),Jaisalmer/ Jodhpur  (Intra-State),,5.0,0.0,,0.0,5.0,,,,,
49,52,,Tamil Nadu,,Total,Total,,60.0,15.0,,6.0,75.0,,,,,
50,53,,Tamil Nadu,,Jaisalmer/  Jodhpur   (Intra-State),Jaisalmer/  Jodhpur   (Intra-State),,5.0,0.0,,0.0,5.0,,,,,
52,54,,Tamil Nadu,,Jaisalmer/ Jodhpur   (Intra-State),Jaisalmer/ Jodhpur   (Intra-State),,5.0,0.0,,0.0,5.0,,,,,
59,59,,Tamil Nadu,,Kurnool-IV,Kurnool-IV,,7.5,4.0,,3.0,11.5,,,,,
59,59,,Tamil Nadu,,Kurnool-V,Kurnool-V,,7.5,4.0,,3.0,11.5,,,,,
59,59,,Tamil Nadu,,Anantapur,Anantapur,,2.0,2.0,,1.0,4.0,,,,,
59,59,,Tamil Nadu,,Anantapur-II,Anantapur-II,,8.0,8.0,,4.0,16.0,,,,,
59,59,,Tamil Nadu,,Kadapa-II,Kadapa-II,,8.0,0.0,,3.0,8.0,,,,,
59,59,,Tamil Nadu,,Total,Total,,33.0,18.0,,14.0,51.0,,,,,
61,62,,Tamil Nadu,,Koppal-II,Koppal-II,,2.0,2.0,,1.0,4.0,,,,,
61,62,,Tamil Nadu,,Gadag-II,Gadag-II,,2.0,2.0,,1.0,4.0,,,,,
61,62,,Tamil Nadu,,Devanagere/  Chitragurga,Devanagere/  Chitragurga,,2.0,2.0,,1.0,4.0,,,,,
61,62,,Tamil Nadu,,Bijapur,Bijapur,,0.0,2.0,,0.0,2.0,,,,,
61,62,,Tamil Nadu,,Bellary,Bellary,,1.5,0.0,,0.0,1.5,,,,,
61,62,,Tamil Nadu,,Tumkur-II,Tumkur-II,,1.5,0.0,,0.0,1.5,,,,,
61,62,,Tamil Nadu,,Total,Total,,9.0,8.0,,3.0,17.0,,,,,
62,64,,Tamil Nadu,,Nizamabad-II,Nizamabad-II,,2.5,1.0,,1.0,3.5,,,,,
62,64,,Tamil Nadu,,Medak,Medak,,2.5,1.0,,1.0,3.5,,,,,
62,64,,Tamil Nadu,,Rangareddy,Rangareddy,,2.5,1.0,,1.0,3.5,,,,,
62,64,,Tamil Nadu,,Karimnagar,Karimnagar,,2.5,0.0,,0.0,2.5,,,,,
62,64,,Tamil Nadu,,Total,Total,,10.0,3.0,,3.0,13.0,,,,,
68,70,,Tamil Nadu,,Sl. No.,Sl. No.,,,,,,,,,,,
