page,source_table_id,raw_data,region,state,district,complex,s_s,location_village_tehsil,solar,wind,hybrid,others_ctuil,re_potential_gw,installed_capacity,uc_granted_capacity,transmission_scheme,complex_2,remarks
10,5,"['Kurnool\n5.5', '']",,,,,,,,,,,,,,,,
10,5,"['Anantapur\n2.5', '']",,,,,,,,,,,,,,,,
13,11,"['1', 'Rajasthan', '15', '60', '75', '45 GW  \n(15 GW Wind & 30 \nGW solar in GIB \nZone)']",,,,,,,,,,,,,,,,
13,11,"['2', 'Andhra Pradesh', '18', '33', '51', '']",,,,,,,,,,,,,,,,
13,11,"['3', 'Karnataka', '8', '9', '17', '']",,,,,,,,,,,,,,,,
13,11,"['4', 'Tamil Nadu', '5', '', '5', 'Offshore wind']",,,,,,,,,,,,,,,,
13,11,"['5', 'Telangana', '3', '10', '13', '']",,,,,,,,,,,,,,,,
14,13,"['Rajasthan  \n(75 GW)', 'Sanchore, Sirohi, Jalor, Pali, Ajmer, Bikaner, Nagaur', '', '30']",,,,,,,,,,,,,,,,
14,13,"['Andhra Pradesh  \n(51 GW)', 'Anantapur', '10', '10']",,,,,,,,,,,,,,,,
14,13,"['', 'Kurnool', '8', '8']",,,,,,,,,,,,,,,,
14,13,"['', 'Kurnool', '', '7']",,,,,,,,,,,,,,,,
14,13,"['Karnataka  \n(17 GW)', 'Koppal', '2', '2']",,,,,,,,,,,,,,,,
14,13,"['Tamil Nadu (5 GW)', 'off-shore', '5', '']",,,,,,,,,,,,,,,,
14,13,"['Telangana  \n(13 GW)', 'Rangareddy', '1', '2.5']",,,,,,,,,,,,,,,,
15,14,"['Rajasthan', '6', '13', '5', '20', '4', '27', '15', '60']",,,,,,,,,,,,,,,,
15,14,"['Andhra Pradesh', '4', '8', '7', '11.5', '7', '13.5', '18', '33']",,,,,,,,,,,,,,,,
15,14,"['Telangana', '3', '2', '0', '7.5', '0', '0.5', '3', '10']",,,,,,,,,,,,,,,,
15,14,"['Karnataka', '7', '6', '1', '3', '0', '0', '8', '9']",,,,,,,,,,,,,,,,
15,14,"['Tamil Nadu  \n(off-shore wind)', '', '', '2', '', '3', '', '5', '0']",,,,,,,,,,,,,,,,
16,16,"['Sub Total (Rajasthan)', '', '15', '60', '67.5', '22.5', '45']",,,,,,,,,,,,,,,,
26,24,"['Anantapur', 'Anantapur, \nAnantapur-II', '10', '10', '15', '5', '10']",,,,,,,,,,,,,,,,
26,24,"['Kurnool', 'Kurnool-IV, \nKurnool-V', '8', '15', '18', '6', '12']",,,,,,,,,,,,,,,,
26,24,"['Sub Total (Andhra Pradesh)', '', '18', '33', '41', '14', '27']",,,,,,,,,,,,,,,,
26,24,"['Sub Total (Karnataka)', '', '8', '9', '14', '3', '11']",,,,,,,,,,,,,,,,
26,24,"['Sub Total (Telangana)', '', '3', '10', '11.5', '3', '8.5']",,,,,,,,,,,,,,,,
27,25,"['Kurnool', 'Kurnool-IV, \nKurnool-V', '8', '15', '18', '6', '12']",,,,,,,,,,,,,,,,
27,25,"['Anantapur', 'Anantapur, \nAnantapur-II', '10', '10', '15', '5', '10']",,,,,,,,,,,,,,,,
27,25,"['Sub Total (Andhra Pradesh)', '', '18', '33', '41', '14', '27']",,,,,,,,,,,,,,,,
29,27,"['Sub Total (Karnataka)', '', '8', '9', '14', '3', '11']",,,,,,,,,,,,,,,,
31,29,"['Sub Total (Telangana)', '', '3', '10', '11.5', '3', '8.5']",,,,,,,,,,,,,,,,
38,37,"['2.', 'Transmission  Scheme  for  evacuation  of  power  from \nSolar  Energy  Zones  (SEZs)  in  Rajasthan  (8.1  GW) \nunder Phase-II-Part A', 'Establishment of 400/220 kV, 4x500 MVA  Fatehgarh-III PS']",,,,,,,,,,,,,,,,
38,37,"['3.', 'Transmission  Scheme  for  evacuation  of  power  from \nSolar  Energy  Zones  (SEZs)  in  Rajasthan  (8.1  GW) \nunder Phase-II-Part A1', 'Augmentation  by  765/400  kV,  1500  MVA \nICT \n(5th)  at \nFatehgarh-II PS']",,,,,,,,,,,,,,,,
38,37,"['4.', 'Transmission  Scheme  for  evacuation  of  power  from \nSolar  Energy  Zones  (SEZs)  in  Rajasthan  (8.1  GW) \nunder Phase-II-Part B', 'Fatehgarh-II PS – Bhadla-II PS 765 kV D/c line (2nd)']",,,,,,,,,,,,,,,,
38,37,"['5.', 'Transmission  Scheme  for  evacuation  of  power  from \nSolar  Energy  Zones  (SEZs)  in  Rajasthan  (8.1  GW) \nunder Phase-II-Part B1', 'Augmentation  by  765/400  kV,  1500  MVA \nICT \n(6th)  at \nFatehgarh-II PS']",,,,,,,,,,,,,,,,
38,37,"['6.', 'Transmission  Scheme  for  evacuation  of  power  from \nSolar  Energy  Zones  (SEZs)  in  Rajasthan  (8.1  GW) \nunder Phase-II-Part C', 'Establishment of 765/400 kV, 2x1500 MVA  Sikar – II']",,,,,,,,,,,,,,,,
38,37,"['7.', 'Transmission  Scheme  for  evacuation  of  power  from \nSolar  Energy  Zones  (SEZs)  in  Rajasthan  (8.1  GW) \nunder Phase-II-Part D', 'Sikar-II  –  Aligarh  765  kV  D/c  line  along  with  1x330  MVAr \nswitchable line reactor for each circuit at each end of Sikar-II \n– Aligarh 765 kV D/c line']",,,,,,,,,,,,,,,,
38,37,"['8.', 'Transmission  Scheme  for  evacuation  of  power  from \nSolar  Energy  Zones  (SEZs)  in  Rajasthan  (8.1  GW) \nunder Phase-II-Part F', 'Establishment of 400 kV Switching Station at Bikaner –II PS']",,,,,,,,,,,,,,,,
39,38,"['9.', 'Transmission  Scheme  for  evacuation  of  power  from \nSolar  Energy  Zones  (SEZs)  in  Rajasthan  (8.1  GW) \nunder Phase-II-Part F1', 'Removal of LILO of one circuit of Bhadla-Bikaner (RVPN) 400 \nkV  D/c(Quad)  line  at  Bikaner  (PG).  Extension  of  above  LILO \nsection from Bikaner(PG) up to Bikaner-II PS to form Bikaner-II \nPS – Bikaner (PG) 400 kV D/c(Quad) line']",,,,,,,,,,,,,,,,
39,38,"['10.', 'Transmission  Scheme  for  evacuation  of  power  from \nSolar  Energy  Zones  (SEZs)  in  Rajasthan  (8.1  GW) \nunder Phase-II-Part G', 'Establishment of 765/400 kV, 3x1500 MVA GIS substation at \nNarela']",,,,,,,,,,,,,,,,
39,38,"['11.', 'Transmission  Scheme  for  evacuation  of  power  from \nSolar  Energy  Zones  (SEZs)  in  Rajasthan  (8.1  GW) \nunder Phase-II-Part G1', 'Removal  of  LILO  of  Bawana  –  Mandola  400  kV  D/c  (Quad) \nline at Maharani Bagh /Gopalpur S/s. Extension of above LILO \nsection  from  Maharani  Bagh  /  Gopalpur  upto  Narela  S/s  so \nas  to  form  Maharanibagh  –  Narela  400  kV  D/c  (Quad)  and \nMaharanibagh - Gopalpur - Narela 400 kV D/c (Quad) lines']",,,,,,,,,,,,,,,,
39,38,"['13.', 'Evacuation of power from RE sources in Koppal Wind \nEnergy Zone (Karnataka) (2500MW)', 'Establishment  of  400/220  kV,  5x500  MVA  Koppal  Pooling \nStation']",,,,,,,,,,,,,,,,
39,38,"['17.', 'Transmission  Scheme  for  Evacuation  of  power  from \nRE sources in Karur/Tirrupur Wind Energy Zone (Tamil \nNadu) (1000 MW)- Phase I', 'Establishment of 2x500 MVA, 400/230 kV Karur PS']",,,,,,,,,,,,,,,,
40,39,"['1.', 'Transmission  Scheme  for  evacuation  of  power  from  Solar \nEnergy Zones (SEZs) in Rajasthan (8.1 GW) under Phase-II-\nPart E', 'Bhadla-II PS – Sikar-II 765 kV D/c line (2nd)']",,,,,,,,,,,,,,,,
40,40,"['1.', 'Transmission scheme for Solar Energy Zone in \nAnantapur (Anantapur) (2500 MW) and Kurnool \n(1000 MW), Andhra Pradesh', 'Establishment of 400/220 kV, 7x500 MVA pooling station at \nsuitable border location between Anantapur & Kurnool Distt']",,,,,,,,,,,,,,,,
40,40,"['', '', 'Anantapur PS-Kurnool-III PS 400 kV D/c line']",,,,,,,,,,,,,,,,
40,40,"['', '', 'Anantapur PS-Cuddapah 400 kV D/c Line']",,,,,,,,,,,,,,,,
40,40,"['3.', 'Transmission Scheme for evacuation of power from \nRE sources in Kurnool Wind Energy Zone (3000 MW)/\nSolar Energy Zone (AP) (1500MW) - Part-A & B', 'Establishment of 765/400/220 kV 3x1500 MVA, 9x500 MVA \nPooling station at suitable location in Kurnool Distt (Kurnool-\nIII)']",,,,,,,,,,,,,,,,
40,40,"['', '', 'Kurnool –III PS – Kurnool (New) 765 kV  D/c line']",,,,,,,,,,,,,,,,
40,40,"['', '', 'Kurnool –III PS – Maheshwaram (PG) 765 kV  D/c Line']",,,,,,,,,,,,,,,,
42,43,"['1.', 'Transmission system for evacuation of power from \nREZ in Rajasthan (20 GW) under Phase III - Part A1', 'Establishment of 2x500 MVA, 400/220 kV pooling station at \nFatehgarh-IV']",,,,,,,,,,,,,,,,
42,43,"['2.', 'Transmission system for evacuation of power from \nREZ in Rajasthan (20 GW) under Phase III - Part A3', 'Fatehgarh-III- Bhadla-III 400 kV D/c line along with 50 MVAr \nSwitchable \nline \nreactor \nfor  each  circuit  at  both  ends  of \nFatehgarh-III- Bhadla-III 400 kV D/c line']",,,,,,,,,,,,,,,,
42,43,"['3.', 'Transmission system for evacuation of power from \nREZ in Rajasthan (20 GW) under Phase III - Part B1', 'Establishment  of  2x1500  MVA,  765/400  kV  &  3x500  MVA, \n400/220 kV pooling station at Bhadla-III']",,,,,,,,,,,,,,,,
42,43,"['4.', 'Transmission system for evacuation of power from \nREZ in Rajasthan (20 GW) under Phase III - Part C1', 'Establishment  of  2x1500  MVA,  765/400  kV  &  2x500  MVA, \n400/220 kV pooling station at Ramgarh']",,,,,,,,,,,,,,,,
42,43,"['5.', 'Transmission system for evacuation of power from \nREZ in Rajasthan (20 GW) under Phase III - Part D', 'Sikar-II – Khetri 765 kV D/c line']",,,,,,,,,,,,,,,,
42,43,"['6.', 'Transmission system for evacuation of power from \nREZ in Rajasthan (20 GW) under Phase III - Part F', 'Establishment  of  2x1500  MVA,  765/400  kV  Substation  at \nsuitable location near Beawar']",,,,,,,,,,,,,,,,
42,43,"['7.', 'Transmission system for evacuation of power from \nREZ in Rajasthan (20 GW) under Phase III - Part G', 'Fatehgarh-III – Beawar 765 kV D/c (2nd) line along with 330 \nMVAr Switchable line reactor for each circuit at each end of \nFatehgarh-III–Beawar 765 kV D/c line']",,,,,,,,,,,,,,,,
43,44,"['8.', 'Transmission system for evacuation of power from \nREZ in Rajasthan (20 GW) under Phase III - Part H', 'Establishment  of  2x1500  MVA,  765/400  kV  substation  at \nsuitable location near Dausa']",,,,,,,,,,,,,,,,
43,44,"['9.', 'Transmission system for evacuation of power from \nREZ in Rajasthan (20 GW) under Phase-III Part E1', 'Establishment  of  3x1500  MVA  765/400  kV  &  3x500  MVA \n400/220 kV pooling station at Fatehgarh-III (new section)']",,,,,,,,,,,,,,,,
43,44,"['10.', 'Transmission system for evacuation of power from \nREZ in Rajasthan (20GW) under Phase-III Part J', 'Augmentation  by  1x500  MVA,  400/220  kV  ICT  (10th  )  at \nFatehgarh-II PS']",,,,,,,,,,,,,,,,
43,44,"['11.', 'Transmission system for evacuation of power from \nREZ in Rajasthan (20 GW) under Phase III - Part I', 'Establishment of 6000 MW, ± 800 kV Bhadla (HVDC) [LCC] \nterminal  station  (4x1500  MW)  at  a  suitable  location  near \nBhadla-III substation']",,,,,,,,,,,,,,,,
43,44,"['12.', 'Transmission system for evacuation of power from \nREZ in Rajasthan (20 GW) under Phase III –Part C3', 'Ramgarh S/s : STATCOM :± 2x300MVAr, 4x125 MVAr MSC, \n2x125 MVAr MSR']",,,,,,,,,,,,,,,,
43,44,"['13.', 'Transmission system for evacuation of power from \nREZ in Rajasthan (20 GW) under Phase-III: Part E3', 'Fatehgarh-III  S/s  :  STATCOM  :  ±2x300  MVAr,  4x125  MVAr \nMSC, 2x125 MVAr MSR']",,,,,,,,,,,,,,,,
43,44,"['15.', 'Transmission system for evacuation of power from \nREZ in Rajasthan (20 GW) under Phase-III Part A2', 'Augmentation by 3x500 MVA, 400/220 kV ICT’s at Fatehgarh-\nIV']",,,,,,,,,,,,,,,,
43,44,"['16.', 'Transmission system for evacuation of power from \nREZ in Rajasthan (20 GW) under Phase-III Part B2', 'Augmentation by 7x500 MVA, 400/220 kV ICT’s at Bhadla-III']",,,,,,,,,,,,,,,,
43,44,"['17.', 'Transmission system for evacuation of power from \nREZ in Rajasthan (20 GW) under Phase-III Part C2', 'Augmentation by 1x1500 MVA, 765/400 kV ICT’s at Ramgarh']",,,,,,,,,,,,,,,,
43,44,"['18.', 'Transmission system for evacuation of power from \nREZ in Rajasthan (20 GW) under Phase-III Part E2', 'Augmentation  by  3x1500  MVA,  765/400  kV  &  2x500  MVA, \n400/220 kV ICT’s at Fatehgarh-III (new section)']",,,,,,,,,,,,,,,,
47,50,"['Rajasthan', 'Bikaner-II', '0', '7', '7', '0', '4', '4', '', '2', '2', '0', '1', '1']",,,,,,,,,,,,,,,,
47,50,"['Rajasthan', 'Bikaner-III', '0', '7', '7', '0', '3', '3', '0', '2', '2', '0', '2', '2']",,,,,,,,,,,,,,,,
47,50,"['Rajasthan', 'Fatehgarh-IV', '6', '6', '12', '2', '1', '3', '2', '2', '4', '2', '3', '5']",,,,,,,,,,,,,,,,
47,50,"['Rajasthan', 'Ramgarh', '4', '6', '10', '2', '1', '3', '1', '2', '3', '1', '3', '4']",,,,,,,,,,,,,,,,
47,50,"['Rajasthan', 'Jalore', '0', '3', '3', '', '', '', '', '1', '1', '0', '2', '2']",,,,,,,,,,,,,,,,
47,50,"['Rajasthan', 'Sanchore', '0', '3', '3', '', '', '', '', '1', '1', '0', '2', '2']",,,,,,,,,,,,,,,,
47,50,"['Rajasthan', 'Sirohi', '0', '3', '3', '', '', '', '', '1', '1', '0', '2', '2']",,,,,,,,,,,,,,,,
47,50,"['Rajasthan', 'Pali', '0', '3', '3', '', '', '', '', '0', '0', '0', '3', '3']",,,,,,,,,,,,,,,,
47,50,"['Rajasthan', 'Ajmer', '0', '2', '2', '', '', '', '', '1', '1', '0', '1', '1']",,,,,,,,,,,,,,,,
47,50,"['Rajasthan', 'Nagaur', '0', '2', '2', '', '', '', '', '1', '1', '0', '1', '1']",,,,,,,,,,,,,,,,
47,50,"['Rajasthan', 'Bhadla-IV', '2', '3', '5', '', '', '', '1', '1', '2', '1', '2', '3']",,,,,,,,,,,,,,,,
47,50,"['Rajasthan', 'Barmer-I', '3', '4', '7', '2', '2', '4', '1', '1', '2', '0', '1', '1']",,,,,,,,,,,,,,,,
47,50,"['Rajasthan', 'Barmer-II', '0', '6', '6', '', '', '', '0', '3', '3', '0', '3', '3']",,,,,,,,,,,,,,,,
47,50,"['Rajasthan', 'Jaisalmer/\nJodhpur \n(Intra-State)', '0', '5', '5', '0', '2', '2', '0', '2', '2', '0', '1', '1']",,,,,,,,,,,,,,,,
47,50,"['Andhra \nPradesh', 'Anantapur', '10', '10', '20', '2', '5.5', '7.5', '4', '1', '5', '4', '3.5', '7.5']",,,,,,,,,,,,,,,,
47,50,"['Andhra \nPradesh', 'Kurnool', '8', '15', '23', '2', '2.5', '4.5', '3', '6.5', '9.5', '3', '6', '9']",,,,,,,,,,,,,,,,
47,50,"['Andhra \nPradesh', 'Kadapa', '0', '8', '8', '', '', '0', '', '4', '4', '0', '4', '4']",,,,,,,,,,,,,,,,
47,50,"['Telangana', 'Nizamabad \nII', '1', '2.5', '3.5', '1', '1', '2', '', '1.5', '1.5', '0', '0', '0']",,,,,,,,,,,,,,,,
47,50,"['Telangana', 'Rangareddy', '1', '2.5', '3.5', '1', '0.5', '1.5', '', '2', '2', '0', '', '0']",,,,,,,,,,,,,,,,
47,50,"['Telangana', 'Medak', '1', '2.5', '3.5', '1', '0.5', '1.5', '', '2', '2', '0', '0', '0']",,,,,,,,,,,,,,,,
47,50,"['Telangana', 'Karimnagar', '0', '2.5', '2.5', '', '', '0', '', '2', '2', '0', '0.5', '0.5']",,,,,,,,,,,,,,,,
48,51,"['Karnataka', 'Koppal II', '2', '2', '4', '2', '2', '4', '', '', '0', '0', '0', '0']",,,,,,,,,,,,,,,,
48,51,"['Karnataka', 'Gadag II', '2', '2', '4', '2', '2', '4', '', '', '0', '0', '0', '0']",,,,,,,,,,,,,,,,
48,51,"['Karnataka', 'Devanagere/\nChitragurga', '2', '2', '4', '2', '2', '4', '', '', '0', '0', '0', '0']",,,,,,,,,,,,,,,,
48,51,"['Karnataka', 'Bijapur', '2', '0', '2', '1', '', '1', '1', '', '1', '0', '0', '0']",,,,,,,,,,,,,,,,
48,51,"['Karnataka', 'Bellary', '0', '1.5', '1.5', '', '', '0', '', '1.5', '1.5', '0', '0', '0']",,,,,,,,,,,,,,,,
48,51,"['Karnataka', 'Tumkur', '0', '1.5', '1.5', '', '', '0', '', '1.5', '1.5', '0', '0', '0']",,,,,,,,,,,,,,,,
48,51,"['Tamil Nadu', 'off shore', '5', '', '5', '', '', '0', '2', '', '2', '3', '0', '3']",,,,,,,,,,,,,,,,
59,59,"['Kurnool-IV', '4', '7.5', '11.5', '3', '2', '2.5', '4.5', '0']",,,,,,,,,,,,,,,,
59,59,"['Kurnool-V', '4', '7.5', '11.5', '3', '0', '0', '0', '0']",,,,,,,,,,,,,,,,
59,59,"['Anantapur', '2', '2', '4', '1', '2', '1.5', '3.5', '0']",,,,,,,,,,,,,,,,
59,59,"['Anantapur-II', '8', '8', '16', '4', '0', '4', '4', '0']",,,,,,,,,,,,,,,,
60,60,"['Kurnool-IV', '4', '7.5', '11.5', '3', '2', '2', '4', '3']",,,,,,,,,,,,,,,,
60,60,"['Kurnool-V', '4', '7.5', '11.5', '3', '1', '4.5', '5.5', '0']",,,,,,,,,,,,,,,,
60,60,"['Anantapur', '2', '2', '4', '1', '0', '0', '0', '0']",,,,,,,,,,,,,,,,
60,60,"['Anantapur-II', '8', '8', '16', '4', '4', '1', '5', '2']",,,,,,,,,,,,,,,,
60,61,"['Kurnool-IV', '4', '7.5', '11.5', '3', '0', '0', '0', '0']",,,,,,,,,,,,,,,,
60,61,"['Kurnool-V', '4', '7.5', '11.5', '3', '3', '6', '9', '3']",,,,,,,,,,,,,,,,
60,61,"['Anantapur', '2', '2', '4', '1', '0', '0', '0', '0']",,,,,,,,,,,,,,,,
60,61,"['Anantapur-II', '8', '8', '16', '4', '4', '3.5', '7.5', '3']",,,,,,,,,,,,,,,,
10,83,"['Kurnool', '', '5.5', 'Osmanabad/Kallam', '', '1']",,,,,,,,,,,,,,,,
10,83,"['Anantapur', '', '2.5', 'Intra State', '', '1']",,,,,,,,,,,,,,,,
14,90,"['Rajasthan', 'Sanchore, Sirohi, Jalor, Pali, Ajmer, Bikaner, Nagaur', '', '30']",,,,,,,,,,,,,,,,
14,90,"['Andhra Pradesh', 'Anantapur', '10', '10']",,,,,,,,,,,,,,,,
14,90,"['', 'Kurnool', '8', '8']",,,,,,,,,,,,,,,,
14,90,"['', 'Kurnool', '', '7']",,,,,,,,,,,,,,,,
14,90,"['Karnataka', 'Koppal', '2', '2']",,,,,,,,,,,,,,,,
14,90,"['Tamil Nadu (5 GW)', 'off-shore', '5', '']",,,,,,,,,,,,,,,,
14,90,"['Telangana', 'Rangareddy', '1', '2.5']",,,,,,,,,,,,,,,,
15,92,"['•', 'MNRE/SECI has identified 75 GW potential REZs in Northern Region in the state of Rajasthan, comprising of 15 GW Wind']",,,,,,,,,,,,,,,,
16,94,"['Sub Total (Rajasthan)', '15\n60', '67.5', '22.5', '45']",,,,,,,,,,,,,,,,
26,110,"['Anantapur', 'Anantapur,', '10', '10', '15', '5', '10']",,,,,,,,,,,,,,,,
26,110,"['Kurnool', 'Kurnool-IV,', '8', '15', '18', '6', '12']",,,,,,,,,,,,,,,,
26,110,"['Sub Total (Andhra Pradesh)', '', '18', '33', '41', '14', '27']",,,,,,,,,,,,,,,,
26,110,"['Sub Total (Karnataka)', '', '8', '9', '14', '3', '11']",,,,,,,,,,,,,,,,
26,110,"['Sub Total (Telangana)', '', '3', '10', '11.5', '3', '8.5']",,,,,,,,,,,,,,,,
27,111,"['Kurnool', 'Kurnool-IV,', '8', '15', '18', '6', '12']",,,,,,,,,,,,,,,,
27,111,"['Anantapur', 'Anantapur,', '10', '10', '15', '5', '10']",,,,,,,,,,,,,,,,
27,111,"['Sub Total (Andhra Pradesh)', '', '18', '33', '41', '14', '27']",,,,,,,,,,,,,,,,
27,112,"['Sub Total (Andhra Pradesh)', '18\n33\n41\n14\n27']",,,,,,,,,,,,,,,,
27,112,"['i)', 'Transmission System for integration of Kurnool REZ-I (7.5 GW Solar, 4 GW Wind, 3 GW BESS)']",,,,,,,,,,,,,,,,
27,112,"['', '• \nEstablishment of 5x1500 MVA, 765/400 & 7x500 MVA, 400/220 kV Kurnool-IV Pooling Station near Kurnool, Andhra Pradesh']",,,,,,,,,,,,,,,,
27,112,"['', 'along with 2x330 MVAr (765 kV) & 2x125 MVAr (400 kV) bus reactors at Kurnool-IV PS (3 GW injection at 220 kV level and']",,,,,,,,,,,,,,,,
27,112,"['', '• \nKurnool-IV – Kurnool-III PS 765 kV D/c line (~100 km)']",,,,,,,,,,,,,,,,
27,112,"['', '• \nKurnool-IV – Bidar PS 765 kV D/c line with 240 MVAr SLR at both ends (~280 km)']",,,,,,,,,,,,,,,,
27,112,"['ii)', 'Transmission System for integration of Kurnool REZ-II (7.5 GW Solar, 4 GW Wind, 3 GW BESS)']",,,,,,,,,,,,,,,,
27,112,"['', '• \nEstablishment  of  5x1500  MVA,  765/400  kV  &  7x500  MVA,  400/220  kV  Kurnool-V  Pooling  Station  near  Kurnool,']",,,,,,,,,,,,,,,,
27,112,"['', 'Andhra  Pradesh  along  with  2x330  MVAr  (765  kV)  &  2x125  MVAr  (400  kV)  bus  reactors  at  Kurnool-V  PS  (3  GW']",,,,,,,,,,,,,,,,
27,112,"['', '• \nKurnool-V – Chilakaluripeta 765 kV D/c line with 330 MVAr SLR at Kurnool-V PS end (~210 km)']",,,,,,,,,,,,,,,,
27,112,"['', '• \nKurnool-V – Kurnool-IV 765 kV D/c line (~100 km)']",,,,,,,,,,,,,,,,
27,112,"['iii)', 'Transmission System for integration of Anantapur REZ (8 GW Solar, 8 GW Wind, 4 GW BESS)']",,,,,,,,,,,,,,,,
27,112,"['', '• \nEstablishment of 6x1500 MVA, 765/400 kV & 9x500 MVA, 400/220 kV Anantapur-II Pooling Station near Kurnool,']",,,,,,,,,,,,,,,,
27,112,"['', 'Andhra Pradesh along with 2x330 MVAr (765 kV) & 2x125 MVAr (400 kV) bus reactors at Anantapur-II PS (4 GW']",,,,,,,,,,,,,,,,
27,112,"['', '• \nAnantapur-II – Cuddapah 765 kV D/c line with 240 MVAr SLR at Anantapur-II PS (~250 km)']",,,,,,,,,,,,,,,,
27,112,"['', '• \nAnantapur-II – Kurnool-V PS 765 kV D/c line (~100 km)']",,,,,,,,,,,,,,,,
28,113,"['iv)', 'Transmission System for integration of Anantapur REZ (2 GW Solar, 2 GW Wind, 1 GW BESS integrated with already planned']",,,,,,,,,,,,,,,,
28,113,"['', '• \nAugmentation by 3x500 MVA, 400/220 kV ICTs at Anantapur PS (Additional 1 GW injection at 220 kV level and 1 GW injection']",,,,,,,,,,,,,,,,
28,113,"['', '• \nEstablishment of 4x1500 MVA, 765/400 kV & 6x500 MVA, 400/220 kV Pooling Station near Kadapa (Kadapa II PS), Andhra']",,,,,,,,,,,,,,,,
28,113,"['', '• \nLILO of both circuits of Anantapur-II – Cuddapah 765 kV D/c line at Kadapa-II PS (~10 km)']",,,,,,,,,,,,,,,,
29,115,"['Sub Total (Karnataka)', '8\n9\n14\n3\n11']",,,,,,,,,,,,,,,,
29,115,"['', '• \nEstablishment of 6x1500 MVA, 765/400 kV & 3x500 MVA, 400/220 kV Koppal-II Pooling Station near Koppal, Karnataka']",,,,,,,,,,,,,,,,
29,115,"['', '• \nEstablishment of 3x500 MVA, 400/220 kV Gadag-II Pooling Station near Gadag, Karnataka along with 2x125 MVAr']",,,,,,,,,,,,,,,,
29,115,"['', 'Karnataka along with 2x125 MVAr 420 kV bus reactors at Devanagere / Chitragurga PS (1 GW injection at 220 kV level']",,,,,,,,,,,,,,,,
29,115,"['', '• \nEstablishment  of  3x500  MVA,  400/220  kV  Bijapur  Pooling  Station  near  Bijapur  (Vijayapura),  Karnataka  along  with']",,,,,,,,,,,,,,,,
30,116,"['', '• \nEstablishment of 4x500 MVA, 400/220 kV Tumkur-II Pooling Station near Tumkur, Karnataka along with 2x125 MVAr']",,,,,,,,,,,,,,,,
30,116,"['', '• \nEstablishment of 4x500 MVA, 400/220 kV Bellary Pooling Station near Bellary, Karnataka along with 2x125 MVAr 400']",,,,,,,,,,,,,,,,
31,117,"['Sub Total (Telangana)', '3\n10\n11.5\n3\n8.5']",,,,,,,,,,,,,,,,
32,118,"['', '5.6.4  Transmission System for 5 GW Offshore wind farm (Sub Zone B1 to B4 & G1 to G3) in Tamil Nadu', '']",,,,,,,,,,,,,,,,
32,119,"['', '• \nEstablishment of 12x500 MVA, 400/230 kV Onshore Pooling Station near Avaraikulam, Tirunelveli District in Tamil']",,,,,,,,,,,,,,,,
40,130,"['', 'Energy Zones (SEZs) in Rajasthan (8.1 GW) under Phase-II-', '']",,,,,,,,,,,,,,,,
40,131,"['', 'Anantapur (Anantapur) (2500 MW) and Kurnool', 'suitable border location between Anantapur & Kurnool Distt']",,,,,,,,,,,,,,,,
40,131,"['', '(1000 MW), Andhra Pradesh', '']",,,,,,,,,,,,,,,,
40,131,"['', '', 'Anantapur PS-Kurnool-III PS 400 kV D/c line']",,,,,,,,,,,,,,,,
40,131,"['', '', 'Anantapur PS-Cuddapah 400 kV D/c Line']",,,,,,,,,,,,,,,,
40,131,"['', 'RE sources in Kurnool Wind Energy Zone (3000 MW)/', 'Pooling station at suitable location in Kurnool Distt (Kurnool-']",,,,,,,,,,,,,,,,
40,131,"['', '', 'Kurnool –III PS – Kurnool (New) 765 kV  D/c line']",,,,,,,,,,,,,,,,
40,131,"['', '', 'Kurnool –III PS – Maheshwaram (PG) 765 kV  D/c Line']",,,,,,,,,,,,,,,,
42,133,"['Transmission system for evacuation of power from REZ in Rajasthan (20 GW) under Phase III:', '', '']",,,,,,,,,,,,,,,,
42,133,"['', 'REZ in Rajasthan (20 GW) under Phase III - Part A1', 'Fatehgarh-IV']",,,,,,,,,,,,,,,,
42,133,"['', 'REZ in Rajasthan (20 GW) under Phase III - Part A3', 'Switchable \nline \nreactor \nfor  each  circuit  at  both  ends  of']",,,,,,,,,,,,,,,,
42,133,"['', 'REZ in Rajasthan (20 GW) under Phase III - Part B1', '400/220 kV pooling station at Bhadla-III']",,,,,,,,,,,,,,,,
42,133,"['', 'REZ in Rajasthan (20 GW) under Phase III - Part C1', '400/220 kV pooling station at Ramgarh']",,,,,,,,,,,,,,,,
42,133,"['', 'REZ in Rajasthan (20 GW) under Phase III - Part D', '']",,,,,,,,,,,,,,,,
42,133,"['', 'REZ in Rajasthan (20 GW) under Phase III - Part F', 'suitable location near Beawar']",,,,,,,,,,,,,,,,
42,133,"['', 'REZ in Rajasthan (20 GW) under Phase III - Part G', 'MVAr Switchable line reactor for each circuit at each end of']",,,,,,,,,,,,,,,,
59,153,"['C1.      Tentative phasing of Transmission System for 51 GW REZ (18 GW Wind & 33 GW Solar) in Andhra Pradesh', '']",,,,,,,,,,,,,,,,
59,154,"['Kurnool-IV', '4', '7.5', '11.5', '3', '2', '2.5', '4.5', '0']",,,,,,,,,,,,,,,,
59,154,"['Kurnool-V', '4', '7.5', '11.5', '3', '0', '0', '0', '0']",,,,,,,,,,,,,,,,
59,154,"['Anantapur', '2', '2', '4', '1', '2', '1.5', '3.5', '0']",,,,,,,,,,,,,,,,
59,154,"['Anantapur-II', '8', '8', '16', '4', '0', '4', '4', '0']",,,,,,,,,,,,,,,,
60,155,"['Kurnool-IV', '4', '7.5', '11.5', '3', '2', '2', '4', '3']",,,,,,,,,,,,,,,,
60,155,"['Kurnool-V', '4', '7.5', '11.5', '3', '1', '4.5', '5.5', '0']",,,,,,,,,,,,,,,,
60,155,"['Anantapur', '2', '2', '4', '1', '0', '0', '0', '0']",,,,,,,,,,,,,,,,
60,155,"['Anantapur-II', '8', '8', '16', '4', '4', '1', '5', '2']",,,,,,,,,,,,,,,,
60,156,"['1.', 'Transmission System for integration of Kurnool REZ-I (2 GW Solar, 2 GW Wind, 3 BESS)']",,,,,,,,,,,,,,,,
60,156,"['', '• \nAugmentation of 1x1500 MVA, 765/400 kV and 2x500 MVA, 400/220 kV ICTs at Kurnool-IV Pooling Station']",,,,,,,,,,,,,,,,
60,156,"['', '• \nKurnool-IV – Bidar PS 765 kV D/c line with 240 MVAr SLR at both ends (~280 km)']",,,,,,,,,,,,,,,,
60,156,"['2.', 'Transmission System for integration of Kurnool REZ-II (4.5 GW Solar, 1 GW Wind, 2 BESS)']",,,,,,,,,,,,,,,,
60,156,"['', '• \nEstablishment of 3x1500 MVA, 765/400 kV & 5x500 MVA, 400/220 kV Kurnool-V Pooling Station near Kurnool, Andhra']",,,,,,,,,,,,,,,,
60,156,"['', 'Pradesh along with 2x330 MVAr (765 kV) & 2x125 MVAr (400 kV) bus reactors at Kurnool-V PS']",,,,,,,,,,,,,,,,
60,156,"['', '• \nKurnool-V – Kurnool-IV 765 kV D/c line (~100 km)']",,,,,,,,,,,,,,,,
60,156,"['3.', 'Transmission System for integration of Anantapur REZ (1 GW Solar, 4 GW Wind, 2 BESS)']",,,,,,,,,,,,,,,,
60,156,"['', '• \nAugmentation of 1x1500 MVA, 765/400 kV and 2x500 MVA, 400/220 kV ICTs at Anantapur-II Pooling Station Andhra']",,,,,,,,,,,,,,,,
60,156,"['', '• \nAnantapur-II – Kurnool-V PS 765 kV D/c line (~100 km)']",,,,,,,,,,,,,,,,
60,156,"['', 'Andhra Pradesh along with 2x330 MVAr (765 kV) & 2x125 MVAr (400 kV) bus reactors at Kadapa-II PS']",,,,,,,,,,,,,,,,
60,156,"['', '• \nLILO of both circuits of Anantapur-II – Cuddapah 765 kV D/c line at Kadapa-II PS (~10 km)']",,,,,,,,,,,,,,,,
61,157,"['1.', 'Transmission System for integration of Kurnool REZ-II (6 GW Solar, 3 GW Wind, 3 BESS)']",,,,,,,,,,,,,,,,
61,157,"['', '• \nAugmentation  of  2x1500  MVA,  765/400  kV  and  2x500  MVA,  400/220  kV  ICTs  at  Kurnool-V  Pooling  Station  near']",,,,,,,,,,,,,,,,
61,157,"['', '• \nKurnool-V – Chilakaluripeta 765 kV D/c line with 330 MVAr SLR at Kurnool-V PS end (~210 km)']",,,,,,,,,,,,,,,,
61,157,"['2.', 'Transmission System for integration of Anantapur REZ (3.5 GW Solar, 4 GW Wind, 3 BESS)']",,,,,,,,,,,,,,,,
61,157,"['', '• \nAugmentation of 1x1500 MVA, 765/400 kV, and 2x500 MVA, 400/220 kV, ICTs at Anantapur-II PS']",,,,,,,,,,,,,,,,
61,157,"['', '• \nAugmentation of 1x1500 MVA, 765/400 kV and 2x500 MVA, 400/220 kV ICT at Kadapa-II PS, Andhra Pradesh']",,,,,,,,,,,,,,,,
64,163,"['C4.  Transmission System for 5 GW Offshore wind farm (Sub Zone B1 to B4 & G1 to G3) in Tamil Nadu', '', '', '']",,,,,,,,,,,,,,,,
