application_id_enhancement_5_2_or_revision,application_date,name_of_developers,gna_st_ii_application_id,lta_application_id,voltage_level_kv,substation,state,region,nature_of_applicant,application_quantum_mw,cmets_gna_approved,cmets_gna_meeting_date,battery_injection_mw,installed_breakup_solar_mw,installed_breakup_wind_mw,type,date_for_additional_capacity,status_of_application,granted_quantum_mw,gna_operationalization_date,gna_operationalization_yes_no,installed_breakup_hybrid_mw,_partial_row,applied_start_date,ats_element_unique_code,dtl_element_unique_code,cts_element_unique_code,mode_criteria,_explicit_type_breakup,_capacity_headline_total
2200002123,05.06.2025,Juniper Green Cosmic Private Limited,1200003740,412100008,220.0,Bikaner-II,Rajasthan,NR,"Generating station(s), including REGS(s), without ESS",100.0,42.0,11.11.2025,16.0,100.0,,Solar+BESS,31.12.2025,Granted,100.0,31.12.2025,Yes,,,,,,,,,
2200002125,05.06.2025,Juniper Green Stellar Private Limited,1200003827,412100010,220.0,Fatehgarh-IV,Rajasthan,NR,"Generating station(s), including REGS(s), with ESS",150.0,42.0,11.11.2025,28.75,,,Hybrid+BESS,30.04.2026,Granted,150.0,30.04.2026,No,,,,,,,,,
2200002125,,Juniper Green Stellar Private Limited,1200003910,412100010,220.0,Fatehgarh-IV,Rajasthan,NR,,,42.0,,,,,,,Granted,,,,,True,,,,,,,
2200002125,,Juniper Green Stellar Private Limited,1200003958,412100010,220.0,Fatehgarh-IV,Rajasthan,NR,,,42.0,,,,,,,Granted,,,,,True,,,,,,,
2200002125,,Juniper Green Stellar Private Limited,312100010,412100010,220.0,Fatehgarh-IV,Rajasthan,NR,,,42.0,,,,,,,Granted,,,,,True,,,,,,,
2200002125,,Juniper Green Stellar Private Limited,312100012,412100010,220.0,Fatehgarh-IV,Rajasthan,NR,,,42.0,,,,,,,Granted,,,,,True,,,,,,,
2200002126,05.06.2025,Juniper Green Stellar Private Limited,312100010,412100011,220.0,Fatehgarh-IV,Rajasthan,NR,"(Generating station(s), including REGS(s), with ESS",65.0,42.0,11.11.2025,17.5,65.0,,Solar+BESS,30.04.2026,Granted,65.0,30.06.2026,No,,,,,,,,,
2200002126,,Juniper Green Stellar Private Limited,312100012,412100011,220.0,Fatehgarh-IV,Rajasthan,NR,,,42.0,,,,,,,Granted,,,,,True,,,,,,,
2200002127,05.06.2025,Juniper Green Stellar Private Limited,1200003827,412100009,220.0,Fatehgarh-IV,Rajasthan,NR,"Generating station(s), including REGS(s), with ESS",150.0,42.0,11.11.2025,11.25,,,Hybrid+BESS,31.03.2026,Granted,150.0,31.03.2026,No,,,,,,,,,
2200002127,,Juniper Green Stellar Private Limited,1200003910,412100009,220.0,Fatehgarh-IV,Rajasthan,NR,,,42.0,,,,,,,Granted,,,,,True,,,,,,,
2200002127,,Juniper Green Stellar Private Limited,1200003958,412100009,220.0,Fatehgarh-IV,Rajasthan,NR,,,42.0,,,,,,,Granted,,,,,True,,,,,,,
2200002127,,Juniper Green Stellar Private Limited,312100010,412100009,220.0,Fatehgarh-IV,Rajasthan,NR,,,42.0,,,,,,,Granted,,,,,True,,,,,,,
2200002127,,Juniper Green Stellar Private Limited,312100012,412100009,220.0,Fatehgarh-IV,Rajasthan,NR,,,42.0,,,,,,,Granted,,,,,True,,,,,,,
2200002140,11.06.2025,Enren-I Energy Private Limited,2200000286,,220.0,Barmer-I,Rajasthan,NR,"Generating station(s), including REGS(s), without ESS",300.0,42.0,11.11.2025,150.0,300.0,,Solar+BESS,28.02.2026,Granted,300.0,31.03.2027,No,,,,,,,,,
2200002249,15.07.2025,Serentica Renewables India Private Limited,212100034,,,Fatehgarh-III,Rajasthan,NR,"Generating station(s), including REGS(s), without ESS",300.0,42.0,11.11.2025,,300.0,200.0,Hybrid,30.06.2028,Withdrawn,300.0,,,,,,,,,,,
2200002250,15.07.2025,Serentica Renewables India Private Limited,212100036,,,Fatehgarh-III,Rajasthan,NR,"Generating station(s), including REGS(s), without ESS",300.0,42.0,11.11.2025,,300.0,200.0,Hybrid,30.06.2028,Withdrawn,300.0,,,,,,,,,,,
2200002251,15.07.2025,Serentica Renewables India Private Limited,2200000020,,,Fatehgarh-III,Rajasthan,NR,"Generating station(s), including REGS(s), without ESS",300.0,42.0,11.11.2025,,300.0,200.0,Hybrid,30.06.2028,Withdrawn,300.0,,,,,,,,,,,
2200002280,22.07.2025,ACME Heergarh Powertech Private Limited,1200002471,,220.0,Bhadla-II,Rajasthan,NR,"Generating station(s), including REGS(s), without ESS",300.0,42.0,11.11.2025,300.0,300.0,,Solar+BESS,01.01.2027,Granted,300.0,31.03.2027,No,,,,,,,,,
2200002294,30.07.2025,AM Green Energy Private Limited,2200000319,,220.0,Bikaner-IV,Rajasthan,NR,"Generating station(s), including REGS(s), without ESS",300.0,42.0,11.11.2025,125.0,300.0,,Solar+BESS,31.12.2027,Granted,300.0,31.12.2027,No,,,,,,,,,
2200002307,01-08-2025,Khaba Renewable Energy Private Limited,1200003502,,220.0,Fatehgarh-III,Rajasthan,NR,"Generating station(s), including REGS(s), without ESS",250.0,42.0,11.11.2025,150.0,250.0,,Solar+BESS,31.12.2026,Granted,250.0,31.12.2026,No,,,,,,,,,
2200002312,05-08-2025,Litsolaire Energy Private Limited,1200003983,,220.0,Bikaner-II,Rajasthan,NR,"Generating station(s), including REGS(s), without ESS",100.0,42.0,11.11.2025,50.0,,,BESS,31.12.2026,Granted,100.0,31.12.2026,No,,,,,,,,,
2200002316,05-08-2025,Luceo Solar Private Limited,212100032,,220.0,Fatehgarh-IV,Rajasthan,NR,"Generating station(s), including REGS(s), without ESS",200.0,42.0,11.11.2025,150.0,200.0,,Solar+BESS,30.06.2027,Granted,200.0,30.06.2027,No,,,,,,,,,
2200002332,14-08-2025,ACME Solar Holdings Limited,1200003683,1200003829,,Bikaner-II,Rajasthan,NR,"Generating station(s), including REGS(s), without ESS",300.0,42.0,11.11.2025,190.0,300.0,,Solar+BESS,31.12.2026,Granted,300.0,,,,,,,,,,,
2200002330,18-08-2025,Avaada RJBikaner Private Limited,2200000254,,,Bikaner-IV,Rajasthan,NR,"Generating station(s), including REGS(s), without ESS",600.0,42.0,11.11.2025,590.0,600.0,,Solar+BESS,30.06.2027,Granted,600.0,30.06.2027,No,,,,,,,,,
2200002345,21-08-2025,Solarcraft Power India 4 Private Limited,2200001749,,220.0,Bhadla-III,Rajasthan,NR,"Generating station(s), including REGS(s), without ESS",50.0,42.0,11.11.2025,50.0,50.0,,Solar+BESS,20.07.2029,Granted,50.0,20.07.2029,No,,,,,,,,,
2200002358,27-08-2025,Juniper Green Stellar Private Limited,2200000063,,220.0,Fatehgarh-IV,Rajasthan,NR,Renewable Power Park developer,300.0,42.0,11.11.2025,150.0,300.0,170.0,Hybrid+BESS,31.12.2027,Granted,300.0,31.12.2027,No,,,,,,,,,
2200002376,31-08-2025,Solarcraft Power India 4 Private Limited,2200000152,,220.0,Bhadla-II,Rajasthan,NR,"Generating station(s), including REGS(s), without ESS",150.0,42.0,11.11.2025,150.0,150.0,,Solar+BESS,31.03.2028,Granted,150.0,31.03.2028,No,,,,,,,,,
2200002378,02-09-2025,Solarcraft Power India 17 Private Limited,2200000210,,220.0,Bikaner-IV,Rajasthan,NR,"Generating station(s), including REGS(s), without ESS",300.0,42.0,11.11.2025,300.0,300.0,,Solar+BESS,31.03.2028,Granted,300.0,31.03.2028,No,,,,,,,,,
2200002382,03-09-2025,Altra Xergi Power Private Limited,1200002637,1200002639,,Fatehgarh-III,Rajasthan,NR,"Generating station(s), including REGS(s), without ESS",380.0,42.0,11.11.2025,380.0,290.0,,Solar+BESS,31.03.2027,Withdrawn,380.0,,,,,,,,,,,
2200002392,05-09-2025,Vismaya Five Renewables Private Limited,2200000954,,220.0,Barmer-II,Rajasthan,NR,"Generating station(s), including REGS(s), without ESS",250.0,42.0,11.11.2025,150.0,250.0,,Solar+BESS,31.12.2031,Granted,250.0,31.12.2030,No,,,,,,,,,
2200002394,05-09-2025,Vismaya Four Renewables Private Limited,2200000910,,,Bhadla-IV,Rajasthan,NR,"Generating station(s), including REGS(s), without ESS",250.0,42.0,11.11.2025,240.0,250.0,,Solar+BESS,01.10.2031,Granted,250.0,,,,,,,,,,,
,,Soltown Infra Private Limited,1200003889,,220.0,Bikaner-II,Rajasthan,NR,,200.0,34.0,20.09.2024,,,,,,Granted,200.0,31-12-2025,Yes,,,31-12-2025,,EL-3D895,"EL-328D7, EL-B075D, EL-B9081, EL-0A37C, EL-C2590, EL-91E7F, EL-59315, EL-2453D, EL-63999, EL-BAF24, EL-C1184, EL-CBFD4",,,
,,Soltown Infra Private Limited,212100007,,220.0,Bikaner-II,Rajasthan,NR,,350.0,34.0,20.09.2024,,,,,,Granted,350.0,22.08.2026,No,,,31-10-2025,,EL-3D895,"EL-328D7, EL-B075D, EL-B9081, EL-0A37C, EL-C2590, EL-91E7F, EL-59315, EL-2453D, EL-63999, EL-BAF24, EL-C1184, EL-CBFD4",,,
,,Soltown Infra Private Limited,212100008,,220.0,Bikaner-II,Rajasthan,NR,,125.0,34.0,20.09.2024,,,,,,Granted,125.0,22.08.2026,No,,,31-12-2025,,EL-3D895,"EL-328D7, EL-B075D, EL-B9081, EL-0A37C, EL-C2590, EL-91E7F, EL-59315, EL-2453D, EL-63999, EL-BAF24, EL-C1184, EL-CBFD4",,,
,07.05.2024,ACME Solar Holdings Limited (erstwhile ACME Solar Holdings,2200000788,,,Sirohi-I,Rajasthan,NR,Generator,300.0,34.0,20.09.2024,,300.0,,Solar,,Withdrawn,0.0,,,,,31.03.2027,,,,Land BG Route,,
,10.05.2024,SAEL Industries Limited,2200000793,,,Sirohi-I,Rajasthan,NR,Generator,300.0,34.0,20.09.2024,,300.0,,Solar,,Withdrawn,0.0,,,,,30.05.2026,,,,Land BG Route,,
,10.05.2024,SAEL Industries Limited,2200000794,,,Sirohi-I,Rajasthan,NR,Generator,300.0,34.0,20.09.2024,,300.0,,Solar,,Withdrawn,0.0,,,,,30.05.2026,,,,Land BG Route,,
,20.05.2024,Amplus Centaur Solar Private Limited,2200000827,,220.0,Sirohi-II,Rajasthan,NR,Generator,350.0,34.0,20.09.2024,,350.0,,Solar,,Granted,350.0,30.09.2030,No,,,30.04.2027,,EL-64346,"EL-61138, EL-C8E53, EL-A2220, EL-57662, EL-C5217, EL-0FE43, EL-141F6",Land BG Route,,
,31.05.2024,ACME Solar Holdings Limited (erstwhile ACME Solar Holdings Private Limited),2200000841,,,Merta-II,Rajasthan,NR,Generator,100.0,34.0,20.09.2024,,100.0,,Solar,,Withdrawn,0.0,,,,,31.03.2027,,,"EL-61138, EL-C8E53, EL-A2220, EL-57662, EL-C5217, EL-0FE43, EL-141F6",Land BG Route,,
,31.05.2024,Serentica Renewables India Private Limited,2200000891,,,Rishabhdeo-I,Rajasthan,NR,Generator,400.0,34.0,20.09.2024,,400.0,,Solar,,Withdrawn,0.0,,,,,30.06.2026,,,,Land BG Route,,
,31.05.2024,Enren-III Energy Private Limited,2200000860,,220.0,Merta-III,Rajasthan,NR,Generator,300.0,34.0,20.09.2024,,300.0,,Solar,,Granted,300.0,31.03.2031,No,,,31.01.2027,,EL-41D01,"EL-2D6F0, EL-F1D12, EL-F1C33, EL-5EA00, EL-C89B9, EL-F8BB6, EL-C5217, EL-DB837, EL-141F6",Land BG Route,,
,31.05.2024,Sindhari Solar Power Private Limited,2200000894,,,Merta-III,Rajasthan,NR,Renewable Power Park developer,300.0,34.0,20.09.2024,,300.0,,Solar,,Withdrawn,0.0,,,,,30.06.2027,,,"EL-2D6F0, EL-F1D12, EL-F1C33, EL-5EA00, EL-C89B9, EL-F8BB6, EL-C5217, EL-DB837, EL-141F6",Land BG Route,,
,04.06.2024,Prespa Solar Private Limited,2200000832,,220.0,Merta-III,Rajasthan,NR,Renewable Power Park developer,250.0,34.0,20.09.2024,,250.0,,Solar,,Granted,250.0,31.03.2031,No,,,31.12.2026,,EL-12429,"EL-2D6F0, EL-F1D12, EL-F1C33, EL-5EA00, EL-C89B9, EL-F8BB6, EL-C5217, EL-DB837, EL-141F6",Land BG Route,,
,05.07.2024,Sunsure Solarpark RJ One Private Limited,2200001021,,220.0,Bikaner-V,Rajasthan,NR,Generator,350.0,34.0,20.09.2024,,350.0,,Solar,,Granted,350.0,31.03.2030,No,,,31.03.2029,,EL-15D03,"EL-33D77, EL-207DF, EL-85255, EL-26318, EL-83F06, EL-B8D32, EL-23675, EL-9893C, EL-745F8, EL-A346C, EL-905E4",Land BG Route,,
,05.07.2024,Sunbreeze Renewables Seven Private Limited,2200000983,,220.0,Ramgarh-II,Rajasthan,NR,Renewable Power Park developer,400.0,34.0,20.09.2024,,400.0,,Solar,,Granted,400.0,31.03.2030,No,,,31.03.2026,,EL-E81E2,"EL-8D0F7, EL-02E09, EL-6ACC9, EL-30AD5, EL-FA27C, EL-C5217, EL-6EB09, EL-141F6, EL-A6B97",Land Route,,
,16.07.2024,Juniper Green Energy Private Limited,2200001056,,220.0,Bikaner-V,Rajasthan,NR,Generator,400.0,34.0,20.09.2024,,400.0,,Solar,,Granted,400.0,31.03.2030,No,,,30.06.2029,,EL-D1B6F,"EL-33D77, EL-207DF, EL-85255, EL-26318, EL-83F06, EL-B8D32, EL-23675, EL-9893C, EL-745F8, EL-A346C, EL-905E4",Land BG Route,,
,17.07.2024,Foxtrot Solar Renewables Energy Private Limited,2200001057,,220.0,Barmer-III,Rajasthan,NR,Generator,100.0,34.0,20.09.2024,,100.0,,Solar,,Granted,100.0,31.12.2030,No,,,31.12.2030,,EL-26B2D,"EL-24B15, EL-9AAB9, EL-97D7E, EL-C5217, EL-CFCC2, EL-141F6",Land Route,,
,17.07.2024,ACME Cleantech Solutions Private Limited,2200001065,,400.0,Fatehgarh-II,Rajasthan,NR,Generator,150.0,34.0,20.09.2024,,150.0,,Solar,,Granted,150.0,31.03.2027,No,,,31.10.2026,,EL-475D5,"EL-ADC60, EL-57AA1, EL-72AA1, EL-B8D24, EL-3877B, EL-05DDE, EL-8A11A, EL-408EC",Land BG Route,,
,19.07.2024,Renew Solar Power Private Limited,2200001026,,220.0,Barmer-III,Rajasthan,NR,Generator,200.0,34.0,20.09.2024,,200.0,,Solar,,Granted,200.0,30.09.2030,No,,,30.09.2026,,EL-3AEEC,"EL-24B15, EL-9AAB9, EL-97D7E, EL-C5217, EL-CFCC2, EL-141F6",REMCL LOA,,
,24.07.2024,Adani Renewable Energy Holding Eighteen Limited,2200001044,,400.0,Bhadla-II,Rajasthan,NR,Generator,50.0,34.0,20.09.2024,,50.0,,Solar,,Granted,50.0,31.03.2027,No,,,15.06.2025,,"EL-6B998, EL-B8BAA","EL-46A03, EL-57AA1, EL-72AA1, EL-B8D24, EL-3877B, EL-05DDE, EL-8A11A, EL-408EC",Land Route,,
,26.07.2024,TEQ Green Power XV Private Limited,2200001089,,220.0,Pali-I,Rajasthan,NR,Renewable Power Park developer,300.0,34.0,20.09.2024,,300.0,,Solar,,Granted,300.0,31.03.2031,No,,,15.06.2027,,EL-89EA0,"EL-6D887, EL-879F3, EL-F1C33, EL-C89B9, EL-F8BB6, EL-C5217, EL-DB837, EL-141F6",Land BG Route,,
,26.07.2024,TEQ Green Power XV Private Limited,2200001087,,220.0,Jalore-I,Rajasthan,NR,Renewable Power Park developer,300.0,34.0,20.09.2024,,300.0,,Solar,,Granted,300.0,30.09.2030,No,,,15.06.2027,,EL-E93BC,"EL-77D24, EL-A327A, EL-C8E53, EL-A2220, EL-35A84, EL-860DB, EL-57662, EL-C5217, EL-0FE43, EL-141F6",Land BG Route,,
,26.07.2024,Foxtrot Solar Renewables Energy Private Limited,2200001088,,220.0,Barmer-III,Rajasthan,NR,Generator,80.0,34.0,20.09.2024,,80.0,,Solar,,Granted,80.0,31.12.2031,No,,,31.12.2031,,EL-26B2D,"EL-24B15, EL-9AAB9, EL-97D7E, EL-C5217, EL-CFCC2, EL-141F6",Land Route,,
,26.07.2024,Avaada Energy Private Limited,2200001085,,400.0,Bhadla-IV,Rajasthan,NR,Generator,700.0,34.0,20.09.2024,,700.0,,Solar,,Granted,700.0,31.03.2030,No,,,30.04.2026,,EL-DBBE6,"EL-9FE08, EL-9267B, EL-26318, EL-69247, EL-38F14, EL-A4C5F, EL-F3CE8, EL-65D44, EL-7BBDE",NHPC LOA,,
,31.07.2024,Diyos Three Renewables Private Limited,2200001100,,220.0,Pali-I,Rajasthan,NR,Renewable Power Park developer,300.0,34.0,20.09.2024,,300.0,,Solar,,Granted,300.0,01.04.2031,No,,,01.04.2031,,EL-83715,"EL-6D887, EL-879F3, EL-F1C33, EL-C89B9, EL-F8BB6, EL-C5217, EL-DB837, EL-141F6",Land BG Route,,
,28-01-2025,Hexa Climate Solutions Private Limited,2200001701,,220.0,Merta-III,Rajasthan,NR,"Generating station, including REGS, with ESS",300.0,39.0,28.07.2025,50.0,300.0,,Solar+BESS,,Granted,300.0,,,,,30.11.2029,,"EL-468EF, EL-A50EC","EL-2D6F0, EL-F1D12, EL-F1C33, EL-5EA00, EL-C89B9, EL-F8BB6, EL-2CEAD, EL-4B103",Land BG Route,True,300.0
,28-01-2025,Hexa Climate Solutions Private Limited,2200001702,,220.0,Merta-III,Rajasthan,NR,Standalone ESS,300.0,39.0,28.07.2025,300.0,,,BESS,,Granted,300.0,30.06.2031,No,,,30.11.2029,,"EL-468EF, EL-A50EC","EL-2D6F0, EL-F1D12, EL-F1C33, EL-5EA00, EL-C89B9, EL-F8BB6, EL-2CEAD, EL-4B103",Land BG Route,True,
,13-02-2025,Green Infra Renewable Energy Farms Private Limited,2200001762,,220.0,Sanchore-I,Rajasthan,NR,"Generating station, including REGS, without ESS",300.0,39.0,28.07.2025,,300.0,,Solar,,Granted,300.0,,,,,15-12-2028,,"EL-6B5A6, EL-4C729","EL-AD038, EL-48EFF, EL-7E7E2, EL-05218, EL-25665, EL-C5217, EL-0FE43, EL-4B103, EL-071AA",Land BG Route,True,300.0
,14-02-2025,Green Infra Renewable Energy Farms Private Limited,2200001771,,220.0,Sanchore-I,Rajasthan,NR,"Generating station, including REGS, without ESS",300.0,39.0,28.07.2025,,300.0,,Solar,,Granted,300.0,30.06.2031,No,,,15-12-2028,,"EL-6B5A6, EL-4C729","EL-AD038, EL-48EFF, EL-7E7E2, EL-05218, EL-25665, EL-C5217, EL-0FE43, EL-4B103, EL-071AA",Land BG Route,True,300.0
,31.03.2025,Waaree Forever Energies Private Limited,2200001903,,220.0,Pali-I,Rajasthan,NR,"Generating station, including REGS, with ESS",300.0,39.0,28.07.2025,150.0,300.0,,Solar+BESS,,Granted,300.0,16.06.2025,Yes,,,31.03.2032,,"EL-6095C, EL-86667","EL-51561, EL-879F3, EL-F1C33, EL-C89B9, EL-F8BB6, EL-C5217, EL-DB837, EL-4B103, EL-00011",Land BG Route,True,300.0
,31.03.2025,Waaree Forever Energies Private Limited,2200001904,,220.0,Pali-I,Rajasthan,NR,"Generating station, including REGS, with ESS",300.0,39.0,28.07.2025,150.0,300.0,,Solar+BESS,,Granted,300.0,30.09.2032,No,,,30.09.2032,,"EL-6095C, EL-86667","EL-51561, EL-879F3, EL-F1C33, EL-C89B9, EL-F8BB6, EL-C5217, EL-DB837, EL-4B103, EL-00011",Land BG Route,True,300.0
,05.04.2025,Terra Clean Limited,2200001922,,220.0,Pali-I,Rajasthan,NR,"Generating station, including REGS, without ESS",155.0,39.0,28.07.2025,,155.0,,Solar,,Granted,155.0,30.06.2031,No,,,30.09.2030,,"EL-970EB, EL-86667","EL-51561, EL-879F3, EL-F1C33, EL-C89B9, EL-F8BB6, EL-C5217, EL-DB837, EL-4B103, EL-00011",Land BG route,True,
,07.04.2025,HR Saraswati Energy Private Limited,2200001917,,220.0,Bhadla-V,Rajasthan,NR,"Generating station, including REGS, without ESS",300.0,39.0,28.07.2025,,300.0,,Solar,,Granted,300.0,30.09.2031,No,,,31.12.2026,,"EL-D77E9, EL-23E4F","EL-654AA, EL-A9814, EL-3CFCF, EL-2D90B, EL-5523F, EL-75882, EL-0BF7F, EL-65D44, EL-C8513",Land BG route,True,
,10.04.2025,Enren Surya Urja Private Limited,2200001936,,,Bikaner-VI,Rajasthan,NR,"Generating station, including REGS, with ESS",300.0,39.0,28.07.2025,150.0,300.0,,Solar+BESS,,Applied,,,,,,31.12.2027,,,,Land BG route,True,
,10.04.2025,Enren Solar Private Limited,2200001937,,220.0,Ramgarh-III,Rajasthan,NR,"Generating station, including REGS, with ESS",300.0,39.0,28.07.2025,150.0,300.0,,Solar+BESS,,Granted,300.0,31.12.2031,No,,,31.10.2027,,"EL-CF954, EL-A1FDB","EL-34603, EL-7128D, EL-3F657, EL-A4C4E, EL-B2193, EL-C5217, EL-6EB09, EL-4B103, EL-EAAE1",Land BG route,True,
,11.04.2025,Vannur Solar Power Private Limited,2200001940,,220.0,Barmer-IV,Rajasthan,NR,"Generating station, including REGS, without ESS",300.0,39.0,28.07.2025,,300.0,,Solar,,Granted,300.0,31.12.2031,No,,,30.06.2030,,"EL-63D48, EL-63408","EL-99F64, EL-C2F66, EL-B1EED, EL-099D8, EL-F11A2, EL-5523F, EL-1D2C6, EL-0BF7F, EL-4B103, EL-7448F",Land route,True,
,11.04.2025,Jindal Green Private Limited,2200001945,,220.0,Pali-I,Rajasthan,NR,"Generating station, including REGS, without ESS",350.0,39.0,28.07.2025,,350.0,,Solar,,Granted,350.0,30.06.2031,No,,,30.06.2030,,"EL-EEBBC, EL-86667","EL-51561, EL-879F3, EL-F1C33, EL-C89B9, EL-F8BB6, EL-C5217, EL-DB837, EL-4B103, EL-00011",Land BG route,True,
,17.04.2025,Waaree Forever Energies Private Limited,2200001955,,400.0,Sanchore-I,Rajasthan,NR,"Generating station, including REGS, with ESS",600.0,39.0,28.07.2025,300.0,600.0,,Solar+BESS,,Granted,600.0,30.06.2031,No,,,31.12.2030,,"EL-A4350, EL-759C3","EL-AD038, EL-48EFF, EL-7E7E2, EL-05218, EL-25665, EL-C5217, EL-0FE43, EL-4B103, EL-071AA",Land BG route,True,
,18.04.2025,Ampin Energy Utility Private Limited,2200001964,,220.0,Sanchore-I,Rajasthan,NR,"Generating station, including REGS, without ESS",150.0,39.0,28.07.2025,,135.0,50.4,Hybrid,,Granted,150.0,30.06.2031,No,,,31.12.2027,,"EL-6B862, EL-4C729","EL-AD038, EL-48EFF, EL-7E7E2, EL-05218, EL-25665, EL-C5217, EL-0FE43, EL-4B103, EL-071AA",LOA or PPA,True,
,28.04.2025,THDC India Limited,2200001981,,,Aligarh (PG),Uttar Pradesh,NR,REGS with installed capacity of 5 MW & above applying for Connectivity to ISTS through electrical system of a generating station already having Connectivity to ISTS,11.0,39.0,28.07.2025,,11.0,,Solar,,Granted,11.0,,,,,15.06.2025,,,"EL-AD038, EL-48EFF, EL-7E7E2, EL-05218, EL-25665, EL-C5217, EL-0FE43, EL-4B103, EL-071AA",Land BG route,True,
,30.04.2025,Rajasthan BESS Private Limited,2200001994,,220.0,Bhadla-III,Rajasthan,NR,Standalone ESS,250.0,39.0,28.07.2025,250.0,,,BESS,,Granted,250.0,30.04.2027,No,,,20.05.2026,,"EL-C06E3, EL-D4AAF","EL-7C1CD, EL-00619, EL-421F0",Land Route,True,
,30.04.2025,Renew Solar Power Private Limited,2200001997,,400.0,Bhadla-V,Rajasthan,NR,"Generating station, including REGS, with ESS",300.0,39.0,28.07.2025,150.0,300.0,,Solar+BESS,,Granted,300.0,30.09.2031,No,,,31.05.2027,,"EL-4B46B, EL-85FD1","EL-654AA, EL-A9814, EL-3CFCF, EL-2D90B, EL-5523F, EL-75882, EL-0BF7F, EL-65D44, EL-C8513",LOA or PPA,True,
,30.04.2025,Renew Solar Power Private Limited,2200002000,,400.0,Barmer-IV,Rajasthan,NR,"Generating station, including REGS, with ESS",300.0,39.0,28.07.2025,150.0,300.0,,Solar+BESS,,Granted,300.0,31.12.2031,No,,,31.05.2027,,"EL-00FB0, EL-EF8E0","EL-99F64, EL-C2F66, EL-B1EED, EL-099D8, EL-F11A2, EL-5523F, EL-1D2C6, EL-0BF7F, EL-4B103, EL-7448F",LOA or PPA,True,
,30.04.2025,Adani Renewable Energy Holding Twelve Limited,2200002006,,400.0,Ramgarh-III,Rajasthan,NR,"Generating station, including REGS, without ESS",520.0,39.0,28.07.2025,,520.0,,Solar,,Granted,520.0,31.12.2031,No,,,31.12.2026,,"EL-EE815, EL-48FFB","EL-34603, EL-7128D, EL-3F657, EL-A4C4E, EL-B2193, EL-C5217, EL-6EB09, EL-4B103, EL-EAAE1",LOA or PPA,True,
,30.04.2025,Adani Renewable Energy Holding Twelve Limited,2200002009,,400.0,Ramgarh-III,Rajasthan,NR,"Generating station, including REGS, without ESS through a lead generator",400.0,39.0,28.07.2025,,400.0,,Solar,,Granted,400.0,31.12.2031,No,,,31.12.2026,,"EL-AD68D, EL-E24A2","EL-34603, EL-7128D, EL-3F657, EL-A4C4E, EL-B2193, EL-C5217, EL-6EB09, EL-4B103, EL-EAAE1",LOA or PPA,True,
,30.04.2025,Adani Renewable Energy Holding Nine Limited,2200002010,,400.0,Ramgarh-III,Rajasthan,NR,"Generating station, including REGS, with ESS through a lead generator",180.0,39.0,28.07.2025,85.0,180.0,,Solar+BESS,,Granted,180.0,,,,,31.12.2026,,"EL-EE815, EL-48FFB","EL-34603, EL-7128D, EL-3F657, EL-A4C4E, EL-B2193, EL-C5217, EL-6EB09, EL-4B103, EL-EAAE1",LOA or PPA,True,
,10.05.2025,Adani Renewable Energy Holding Nine Limited,2200002028,,400.0,Barmer-IV,Rajasthan,NR,"Generating station, including REGS, with ESS through a lead generator",180.0,39.0,28.07.2025,85.0,180.0,,Solar+BESS,,Granted,180.0,31.12.2031,No,,,31.12.2026,,"EL-ADAC9, EL-EF8E0","EL-99F64, EL-C2F66, EL-B1EED, EL-099D8, EL-F11A2, EL-5523F, EL-1D2C6, EL-0BF7F, EL-4B103, EL-7448F",LOA or PPA,True,
,12.05.2025,Solarcraft Power India 17 Private Limited,2200002030,,,Bikaner-VI,Rajasthan,NR,"Generating station, including REGS, with ESS",300.0,39.0,28.07.2025,300.0,300.0,,Solar+BESS,,Applied,,,,,,30.06.2028,,,,Land Route,True,
,20.05.2025,Acme Greentech Urja Private Limited,2200002060,,400.0,Ramgarh-III,Rajasthan,NR,"Generating station, including REGS, without ESS",2182.0,39.0,28.07.2025,,2182.0,,Solar,,Granted,2182.0,31.12.2031,No,,,28.12.2028,,"EL-3EA43, EL-9D405","EL-34603, EL-7128D, EL-3F657, EL-A4C4E, EL-B2193, EL-C5217, EL-6EB09, EL-4B103, EL-EAAE1",Land BG route,True,
,20.05.2025,RJS Renewables Private Limited,2200002062,,,Ramgarh-II,Rajasthan,NR,"Generating station, including REGS, without ESS",150.0,39.0,28.07.2025,,150.0,,Solar,,Applied,0.0,,,,,20.04.2028,,,,Land Route,True,
,20.05.2025,Renew Solar Power Private Limited,2200002063,,400.0,Bhadla-V,Rajasthan,NR,"Generating station, including REGS, without ESS",300.0,39.0,28.07.2025,,300.0,,Solar,,Granted,300.0,,,,,31.05.2027,,"EL-4B46B, EL-85FD1","EL-654AA, EL-A9814, EL-3CFCF, EL-2D90B, EL-5523F, EL-75882, EL-0BF7F, EL-65D44, EL-C8513",LOA or PPA,True,
,21.05.2025,Waaree Forever Energies Private Limited,2200002066,,400.0,Bhadla-V,Rajasthan,NR,"Generating station, including REGS, with ESS",200.0,39.0,28.07.2025,100.0,200.0,,Solar+BESS,,Granted,200.0,30.09.2032,No,,,30.09.2032,,"EL-3DCF1, EL-28727","EL-654AA, EL-A9814, EL-3CFCF, EL-2D90B, EL-5523F, EL-75882, EL-0BF7F, EL-65D44, EL-C8513",Land BG route,True,
,22.05.2025,Waaree Forever Energies Private Limited,2200002071,,400.0,Bhadla-V,Rajasthan,NR,"Generating station, including REGS, with ESS",300.0,39.0,28.07.2025,150.0,300.0,,Solar+BESS,,Granted,300.0,31.12.2032,No,,,31.12.2032,,"EL-3DCF1, EL-28727","EL-654AA, EL-A9814, EL-3CFCF, EL-2D90B, EL-5523F, EL-75882, EL-0BF7F, EL-65D44, EL-C8513",Land BG route,True,
,22.05.2025,Waaree Forever Energies Private Limited,2200002072,,400.0,Bhadla-V,Rajasthan,NR,"Generating station, including REGS, with ESS",200.0,39.0,28.07.2025,100.0,220.0,,Solar+BESS,,Granted,200.0,22.05.2025,Yes,,,31.12.2032,,"EL-3DCF1, EL-28727","EL-654AA, EL-A9814, EL-3CFCF, EL-2D90B, EL-5523F, EL-75882, EL-0BF7F, EL-65D44, EL-C8513",Land BG route,True,
,23.05.2025,Waaree Forever Energies Private Limited,2200002080,,220.0,Bhadla-VI,Rajasthan,NR,"Generating station, including REGS, with ESS",300.0,39.0,28.07.2025,150.0,300.0,,Solar+BESS,,Granted,300.0,30.06.2032,No,,,31.12.2031,,"EL-3DCF1, EL-28727","EL-DD246, EL-DEBDE, EL-24C0A, EL-6FD3E, EL-8BF2F, EL-5523F, EL-F92C8, EL-0BF7F, EL-A4E7D, EL-61F37",Land BG route,True,
,28.05.2025,Hinduja Renewables Energy Private Limited,2200002093,,220.0,Barmer-I,Rajasthan,NR,"Generating station, including REGS, without ESS",50.0,39.0,28.07.2025,,50.0,,Solar,,Granted,50.0,31.03.2028,No,,,31.03.2028,,"EL-EB9F7, EL-9D9D5","EL-AB6F6, EL-04FBF, EL-E0593, EL-F7E56, EL-16E88, EL-58D2D, EL-9822D, EL-9770C, EL-DC188, EL-18929, EL-09B1D, EL-5EDC4, EL-A6F76, EL-A83CD, EL-5996E, EL-32FE8, EL-A495D, EL-74937, EL-84603, EL-06311, EL-7D000, EL-89109, EL-D7C90, EL-A7856, EL-20610, EL-9F569, EL-4B418, EL-FD36A, EL-6F66E, EL-8A11A, EL-F1096",Land BG route,True,
,28.05.2025,Vena Energy Konkan Wind Power Private Limited,2200002097,,220.0,Pali-I,Rajasthan,NR,Standalone ESS,300.0,39.0,28.07.2025,300.0,,,BESS,,Granted,300.0,30.06.2031,No,,,31.12.2030,,"EL-3FB44, EL-86667","EL-51561, EL-879F3, EL-F1C33, EL-C89B9, EL-F8BB6, EL-C5217, EL-DB837, EL-4B103, EL-00011",Land Route,True,
,29.05.2025,SA Renewable Infra Private Limited,2200002099,,220.0,Bikaner-V,Rajasthan,NR,"Generating station, including REGS, without ESS",20.0,39.0,28.07.2025,,20.0,,Solar,,Granted,20.0,31.10.2030,No,,,31.03.2030,,"EL-3466E, EL-149DB","EL-33D77, EL-85255, EL-26318, EL-83F06, EL-B8D32, EL-23675, EL-9893C, EL-745F8, EL-A346C, EL-905E4, EL-35672",Land Route,True,
,30.05.2025,Reliance Nu Energies Private Limited,2200002104,,220.0,Sanchore-I,Rajasthan,NR,"Generating station, including REGS, with ESS",350.0,39.0,28.07.2025,175.0,350.0,,Solar+BESS,,Granted,350.0,30.06.2031,No,,,31.12.2027,,"EL-7A64F, EL-4C729","EL-AD038, EL-48EFF, EL-7E7E2, EL-05218, EL-25665, EL-C5217, EL-0FE43, EL-4B103, EL-071AA",LOA or PPA,True,
,31.05.2025,Adani Renewable Energy Holding Twelve Limited,2200002111,,400.0,Sanchore-I,Rajasthan,NR,"Generating station, including REGS, without ESS",520.0,39.0,28.07.2025,,520.0,,Solar,,Granted,520.0,30.06.2031,No,,,30.06.2027,,"EL-95C39, EL-759C3","EL-AD038, EL-48EFF, EL-7E7E2, EL-05218, EL-25665, EL-C5217, EL-0FE43, EL-4B103, EL-071AA",LOA or PPA,True,
2200001968,22.04.2025,Serentica Renewables India Private Limited,1200003838,412100014,220.0,Bikaner-II,Rajasthan,NR,"Generating station(s), including REGS(s), without ESS",281.0,39.0,28.07.2025,140.0,180.0,,Solar+BESS,31.12.2026,Granted,281.0,31.12.2026,No,,,,,,,,True,
2200001970,24.04.2025,Juniper Green Cosmic Private Limited,1200003740,412100008,220.0,Bikaner-II,Rajasthan,NR,"Generating station(s), including REGS(s), without ESS",100.0,39.0,28.07.2025,25.39,100.0,,Solar+BESS,31.12.2025,Granted,100.0,31.12.2025,Yes,,,,,,,,True,
2200001984,28.04.2025,Solarcraft Power India 4 Private Limited,2200000300,,220.0,Bhadla-III,Rajasthan,NR,"Generating station(s), including REGS(s), without ESS",50.0,39.0,28.07.2025,50.0,50.0,,Solar+BESS,01.09.2028,Granted,50.0,,,,,,,,,,True,
2200001986,28.04.2025,Solarcraft Power India 4 Private Limited,2200000192,,220.0,Bhadla-III,Rajasthan,NR,"Generating station(s), including REGS(s), without ESS",110.0,39.0,28.07.2025,110.0,110.0,,Solar+BESS,01.09.2028,Granted,110.0,,,,,,,,,,True,
2200001989,28.04.2025,Solarcraft Power India 17 Private Limited,2200000210,,,Bikaner-IV,Rajasthan,NR,"Generating station(s), including REGS(s), without ESS",300.0,39.0,28.07.2025,300.0,300.0,,Solar+BESS,31.03.2027,Withdrawn,,,,,,,,,,,True,
2200001991,29.04.2025,Solarcraft Power India 4 Private Limited,2200000152,,,Bhadla-II,Rajasthan,NR,"Generating station(s), including REGS(s), without ESS",150.0,39.0,28.07.2025,150.0,150.0,,Solar+BESS,31.03.2027,Withdrawn,,,,,,,,,,,True,
2200001992,29.04.2025,Solarcraft Power India 8 Private Limited,2200000866,,220.0,Bikaner-V,Rajasthan,NR,"Generating station(s), including REGS(s), without ESS",300.0,39.0,28.07.2025,300.0,300.0,,Solar+BESS,30.09.2030,Granted,300.0,,,,,,,,,,True,
2200001995,30.04.2025,BN Dispatchable-1 Private Limited,2200000103,,220.0,Fatehgarh-IV,Rajasthan,NR,"Generating station(s), including REGS(s), without ESS",300.0,39.0,28.07.2025,25.0,154.0,150.0,Hybrid+BESS,31.03.2027,Granted,300.0,,,,,,,,,,True,
2200002047,21.05.2025,AM Green Energy Private Limited,2200000319,,,Bikaner-IV,Rajasthan,NR,"Generating station(s), including REGS(s), without ESS",300.0,39.0,28.07.2025,125.0,400.0,,Solar+BESS,11.11.2026,Withdrawn,,,,,,,,,,,True,
2200002079,23.05.2025,Juniper Green Cosmic Private Limited,2200000073,,,Bikaner-III,Rajasthan,NR,"Generating station(s), including REGS(s), without ESS",150.0,39.0,28.07.2025,150.0,150.0,,Solar+BESS,31.03.2027,Granted,150.0,,,,,,,,,,True,
2200002083,23-05-2025,Juniper Green Energy Private Limited,2200000305,,,Barmer- I,Rajasthan,NR,"Generating station(s), including REGS(s), without ESS",360.0,39.0,28.07.2025,160.0,300.0,,Solar+BESS,31.12.2028,Withdrawn,,,,,,,,,,,True,
2200002087,23.05.2025,Juniper Green Stellar Private Limited,2200000063,,,Fatehgarh-IV,Rajasthan,NR,Renewable Power Park developer,330.0,39.0,28.07.2025,160.0,300.0,170.0,Hybrid+BESS,31.12.2027,Withdrawn,,,,,,,,,,,True,
,30.10.2024,Azure Power Fifty One Private Limited,2200001420,,400.0,Bhadla-V,Rajasthan,NR,"Generating station, including REGS, without ESS",600.0,38.0,28.05.2025,,300.0,,Solar,,Granted,600.0,30.09.2031,No,,,31.12.2029,,"EL-E140C, EL-24C88","EL-654AA, EL-A9814, EL-3CFCF, EL-2D90B, EL-5523F, EL-75882, EL-0BF7F, EL-65D44, EL-B4A45",Land Route,True,300.0
,06-01-2025,Jindal India RE Limited,2200001629,,220.0,Bikaner-VI,Rajasthan,NR,"Generating station, including REGS, with ESS",300.0,38.0,28.05.2025,150.0,300.0,,Solar+BESS,,Granted,300.0,31.12.2031,No,,,30.09.2027,,"EL-85879, EL-5264E","EL-2D2F2, EL-F66C7, EL-70C46, EL-8D787, EL-799E2, EL-C5217, EL-11BA3, EL-0BF7F, EL-4B103, EL-0A96D",Land BG Route,True,300.0
,10-01-2025,Renew Solar Power Private Limited,2200001550,,400.0,Barmer-IV,Rajasthan,NR,"Generating station, including REGS, without ESS",300.0,38.0,28.05.2025,,300.0,,Solar,,Granted,300.0,31.12.2031,No,,,03.03.2027,,"EL-75068, EL-84DBB","EL-99F64, EL-C2F66, EL-B1EED, EL-099D8, EL-F11A2, EL-5523F, EL-1D2C6, EL-0BF7F, EL-4B103, EL-7448F",LoA or PPA,True,300.0
,11-01-2025,Torrent Green Energy Private Limited,2200001642,,400.0,Bhadla-V,Rajasthan,NR,"Generating station, including REGS, without ESS",1000.0,38.0,28.05.2025,,1000.0,,Solar,,Granted,1000.0,30.09.2031,No,,,31.12.2029,,"EL-B9C26, EL-80AC0","EL-654AA, EL-A9814, EL-3CFCF, EL-2D90B, EL-5523F, EL-75882, EL-0BF7F, EL-65D44, EL-B4A45",Land BG Route,True,1000.0
,15-01-2025,JIRE Green Energy Project Two Limited,2200001659,,220.0,Barmer-IV,Rajasthan,NR,"Generating station, including REGS, with ESS",300.0,38.0,28.05.2025,150.0,300.0,,Solar+BESS,,Granted,300.0,31.12.2031,No,,,30.12.2028,,"EL-6D14B, EL-94ECD","EL-99F64, EL-C2F66, EL-B1EED, EL-099D8, EL-F11A2, EL-5523F, EL-1D2C6, EL-0BF7F, EL-4B103, EL-7448F",Land BG Route,True,300.0
,23-01-2025,Renew Solar Power Private Limited,2200001684,,400.0,Barmer-IV,Rajasthan,NR,"Generating station, including REGS, with ESS",200.0,38.0,28.05.2025,70.0,200.0,,Solar+BESS,,Granted,200.0,31.12.2031,No,,,31.01.2027,,"EL-75068, EL-84DBB","EL-99F64, EL-C2F66, EL-B1EED, EL-099D8, EL-F11A2, EL-5523F, EL-1D2C6, EL-0BF7F, EL-4B103, EL-7448F",LoA or PPA,True,200.0
,24-01-2025,Renew Solar Power Private Limited,2200001689,,400.0,Barmer-IV,Rajasthan,NR,"Generating station, including REGS, without ESS",300.0,38.0,28.05.2025,,300.0,,Solar,,Granted,300.0,31.12.2031,No,,,31.03.2027,,"EL-75068, EL-84DBB","EL-99F64, EL-C2F66, EL-B1EED, EL-099D8, EL-F11A2, EL-5523F, EL-1D2C6, EL-0BF7F, EL-4B103, EL-7448F",LoA or PPA,True,300.0
,28-01-2025,Hexa Climate Solutions Private Limited,2200001701,,220.0,Merta-III,Rajasthan,NR,"Generating station, including REGS, with ESS",300.0,38.0,28.05.2025,300.0,300.0,,Solar+BESS,,Applied,,,,,,30.11.2029,,,,Land BG Route,True,300.0
,28-01-2025,Hexa Climate Solutions Private Limited,2200001700,,220.0,Bhadla-V,Rajasthan,NR,"Generating station, including REGS, with ESS",300.0,38.0,28.05.2025,50.0,300.0,,Solar+BESS,,Granted,300.0,30.09.2031,No,,,30.11.2029,,"EL-F29A2, EL-9BFCD","EL-654AA, EL-A9814, EL-3CFCF, EL-2D90B, EL-5523F, EL-75882, EL-0BF7F, EL-65D44, EL-B4A45",Land BG Route,True,300.0
,28-01-2025,Hexa Climate Solutions Private Limited,2200001702,,400.0,Merta-III,Rajasthan,NR,Standalone ESS,300.0,38.0,28.05.2025,300.0,,,BESS,,Applied,300.0,,,,,30.11.2029,,,,Land BG Route,True,
,30-01-2025,JIRE Green Energy Project Three Limited,2200001717,,220.0,Ramgarh-II,Rajasthan,NR,"Generating station, including REGS, with ESS",200.0,38.0,28.05.2025,100.0,200.0,,Solar+BESS,,Granted,200.0,31.10.2030,No,,,31.12.2028,,"EL-12A1E, EL-28506, EL-D4A9F","EL-8D0F7, EL-02E09, EL-6ACC9, EL-30AD5, EL-FA27C, EL-C5217, EL-6EB09, EL-4B103, EL-C8D83",Land BG Route,True,200.0
,31-01-2025,Tata Power Renewable Energy Limited,2200001721,,220.0,Bikaner-VI,Rajasthan,NR,"Generating station, including REGS, without ESS",300.0,38.0,28.05.2025,,300.0,,Solar,,Granted,300.0,31.12.2031,No,,,31.03.2027,,"EL-BD5C2, EL-5264E","EL-2D2F2, EL-F66C7, EL-70C46, EL-8D787, EL-799E2, EL-C5217, EL-11BA3, EL-0BF7F, EL-4B103, EL-0A96D",Land BG Route,True,300.0
,31-01-2025,Tata Power Renewable Energy Limited,2200001722,,,Fatehgarh-II,Rajasthan,NR,"Generating station, including REGS, without ESS",300.0,38.0,28.05.2025,,300.0,,Solar,,Withdrawn,0.0,,,,,31.03.2027,,,,Land BG Route,True,300.0
,04-02-2025,Waaree Forever Energies Private Limited,2200001735,,400.0,Ramgarh-II,Rajasthan,NR,"Generating station, including REGS, without ESS",600.0,38.0,28.05.2025,,300.0,300.0,Hybrid,,Granted,600.0,31.10.2030,No,,,31-07-2030,,"EL-89B68, EL-177EE","EL-8D0F7, EL-02E09, EL-6ACC9, EL-30AD5, EL-FA27C, EL-C5217, EL-6EB09, EL-4B103, EL-C8D83",Land BG Route,True,300.0
,10-02-2025,Solarcraft Power India 4 Private Limited,2200001749,,220.0,Bhadla-III,Rajasthan,NR,"Generating station, including REGS, without ESS",50.0,38.0,28.05.2025,,50.0,,Solar,,Granted,50.0,20.07.2029,No,,,01-09-2028,,EL-17567,EL-4D705,Land Route,True,50.0
,13-02-2025,Green Infra Renewable Energy Farms Private Limited,2200001762,,220.0,Sanchore-I,Rajasthan,NR,"Generating station, including REGS, without ESS",300.0,38.0,28.05.2025,,300.0,,Solar,,Granted,300.0,,,,,15-12-2028,,,"EL-34603, EL-7128D, EL-3F657, EL-A4C4E, EL-B2193, EL-C5217, EL-6EB09, EL-4B103, EL-EAAE1",Land BG Route,True,300.0
,14-02-2025,BN Peak Power-3 Private Limited,2200001769,,220.0,Ramgarh-III,Rajasthan,NR,"Generating station, including REGS, with ESS",350.0,38.0,28.05.2025,100.0,150.0,200.0,Hybrid+BESS,,Granted,350.0,31.12.2031,No,,,30-06-2028,,"EL-0CB10, EL-31BA6","EL-34603, EL-7128D, EL-3F657, EL-A4C4E, EL-B2193, EL-C5217, EL-6EB09, EL-4B103, EL-EAAE1",Land BG Route,True,150.0
,14-02-2025,Green Infra Renewable Energy Farms Private Limited,2200001771,,,Sanchore-I,Rajasthan,NR,"Generating station, including REGS, without ESS",300.0,38.0,28.05.2025,,300.0,,Solar,,Applied,,,,,,15-12-2028,,,,Land BG Route,True,300.0
,18-02-2025,ReNew Solar Power Private Limited,2200001781,,400.0,Bhadla-V,Rajasthan,NR,"Generating station, including REGS, with ESS",200.0,38.0,28.05.2025,70.0,200.0,,Solar+BESS,,Granted,200.0,30.09.2031,No,,,31-03-2027,,"EL-94625, EL-A658A","EL-654AA, EL-A9814, EL-3CFCF, EL-2D90B, EL-5523F, EL-75882, EL-0BF7F, EL-65D44, EL-B4A45",LOA or PPA,True,200.0
,20-02-2025,Adyant Enersol Private Limited,2200001786,,220.0,Bikaner-V,Rajasthan,NR,"Generating station, including REGS, without ESS",150.0,38.0,28.05.2025,,150.0,,Solar,,Granted,150.0,31.10.2030,No,,,30-04-2027,,"EL-F0D41, EL-18947, EL-85CFA","EL-33D77, EL-85255, EL-26318, EL-83F06, EL-B8D32, EL-23675, EL-9893C, EL-745F8, EL-A346C, EL-905E4, EL-35672",LOA or PPA,True,150.0
,27-02-2025,ACME Taurus Urja Private Limited,2200001797,,,Bikaner-VI,Rajasthan,NR,"Generating station, including REGS, without ESS",300.0,38.0,28.05.2025,,300.0,,Solar,,Applied,,,,,,31/03/2027,,,,Land Route,True,300.0
,28-02-2025,Apraava Energy Private Limited,2200001798,,,Bikaner-VI,Rajasthan,NR,"Generating station, including REGS, without ESS",600.0,38.0,28.05.2025,,600.0,,Solar,,Applied,,,,,,31-12-2028,,,,Land BG Route,True,600.0
,01.03.2025,Mahanadi Renewable Energy Private Limited,2200001807,,220.0,Ramgarh-III,Rajasthan,NR,"Generating station, including REGS, with ESS",280.0,38.0,28.05.2025,280.0,280.0,,Solar+BESS,,Granted,280.0,31.12.2031,No,,,30.06.2030,,"EL-C5410, EL-31BA6","EL-34603, EL-7128D, EL-3F657, EL-A4C4E, EL-B2193, EL-C5217, EL-6EB09, EL-4B103, EL-EAAE1",Land BG Route,True,280.0
,03.03.2025,Godavari Green Energy Private Limited,2200001810,,220.0,Sanchore-I,Rajasthan,NR,"Generating station, including REGS, with ESS",250.0,38.0,28.05.2025,250.0,250.0,,Solar+BESS,,Granted,250.0,30.06.2031,No,,,30.06.2030,,"EL-13290, EL-079D8","EL-AD038, EL-48EFF, EL-7E7E2, EL-05218, EL-25665, EL-C5217, EL-0FE43, EL-4B103, EL-F7B5C",Land BG Route,True,250.0
,07-03-2025,Vismaya Four Renewables Private Limited,2200001827,,220.0,Bhadla-V,Rajasthan,NR,"Generating station, including REGS, with ESS",300.0,38.0,28.05.2025,60.0,300.0,,Solar+BESS,,Granted,300.0,01.10.2031,No,,,01.10.2031,,"EL-9915B, EL-C5523","EL-654AA, EL-A9814, EL-3CFCF, EL-2D90B, EL-5523F, EL-75882, EL-0BF7F, EL-65D44, EL-B4A45",Land BG Route,True,300.0
,20.03.2025,Sabarmati Green Energy Private Limited,2200001862,,220.0,Jalore-I,Rajasthan,NR,"Generating station, including REGS, with ESS",250.0,38.0,28.05.2025,250.0,250.0,,Solar+BESS,,Granted,250.0,30.06.2031,No,,,30.09.2030,,"EL-0D2E2, EL-4C759","EL-AD038, EL-48EFF, EL-7E7E2, EL-35A84, EL-90D75, EL-57662, EL-C5217, EL-0FE43, EL-4B103, EL-77D24",Land BG Route,True,250.0
,20.03.2025,Renew Solar Power Private Limited,2200001864,,400.0,Bhadla-V,Rajasthan,NR,"Generating station, including REGS, without ESS",300.0,38.0,28.05.2025,,300.0,,Solar,,Granted,300.0,30.09.2031,No,,,30.04.2027,,"EL-94625, EL-A658A","EL-654AA, EL-A9814, EL-3CFCF, EL-2D90B, EL-5523F, EL-75882, EL-0BF7F, EL-65D44, EL-B4A45",LOA or PPA,True,300.0
,20.03.2025,Renew Solar Power Private Limited,2200001866,,220.0,Pali-I,Rajasthan,NR,"Generating station, including REGS, without ESS",300.0,38.0,28.05.2025,,300.0,,Solar,,Granted,300.0,30.06.2031,No,,,30.04.2027,,"EL-20781, EL-60909","EL-79C2B, EL-879F3, EL-F1C33, EL-C89B9, EL-F8BB6, EL-C5217, EL-DB837, EL-4B103, EL-00011",LOA or PPA,True,300.0
,20.03.2025,Renew Solar Power Private Limited,2200001865,,400.0,Bhadla-V,Rajasthan,NR,"Generating station, including REGS, without ESS",300.0,38.0,28.05.2025,,300.0,,Solar,,Granted,300.0,30.09.2031,No,,,30.04.2027,,"EL-94625, EL-A658A","EL-654AA, EL-A9814, EL-3CFCF, EL-2D90B, EL-5523F, EL-75882, EL-0BF7F, EL-65D44, EL-B4A45",LOA or PPA,True,300.0
,31.03.2025,Waaree Forever Energies Private Limited,2200001900,,,Bikaner-VI,Rajasthan,NR,"Generating station, including REGS, with ESS",250.0,38.0,28.05.2025,125.0,250.0,,Solar+BESS,,Granted,250.0,,,,,31.07.2031,,,"EL-654AA, EL-A9814, EL-3CFCF, EL-2D90B, EL-5523F, EL-75882, EL-0BF7F, EL-65D44, EL-B4A45",Land BG Route,True,250.0
,31.03.2025,Waaree Forever Energies Private Limited,2200001901,,220.0,Sanchore-I,Rajasthan,NR,"Generating station, including REGS, with ESS",300.0,38.0,28.05.2025,150.0,300.0,,Solar+BESS,,Granted,300.0,31.10.2031,No,,,31.10.2031,,"EL-6B418, EL-079D8","EL-AD038, EL-48EFF, EL-7E7E2, EL-05218, EL-25665, EL-C5217, EL-0FE43, EL-4B103, EL-F7B5C",Land BG Route,True,300.0
,31.03.2025,Waaree Forever Energies Private Limited,2200001903,,,Pali-I,Rajasthan,NR,"Generating station, including REGS, with ESS",300.0,38.0,28.05.2025,150.0,300.0,,Solar+BESS,,Applied,,,,,,31.03.2032,,,,Land BG Route,True,300.0
,31.03.2025,Waaree Forever Energies Private Limited,2200001904,,,Pali-I,Rajasthan,NR,"Generating station, including REGS, with ESS",300.0,38.0,28.05.2025,150.0,300.0,,Solar+BESS,,Applied,,,,,,30.09.2032,,,,Land BG Route,True,300.0
,31.03.2025,Adani Renewable Energy Holding Twelve Limited,2200001907,,400.0,Barmer-IV,Rajasthan,NR,"Generating station, including REGS, without ESS",520.0,38.0,28.05.2025,,520.0,,Solar,,Granted,520.0,31.12.2031,No,,,31.12.2026,,"EL-3D744, EL-9C614","EL-99F64, EL-C2F66, EL-B1EED, EL-099D8, EL-F11A2, EL-5523F, EL-1D2C6, EL-0BF7F, EL-4B103, EL-7448F",LOA or PPA,True,
,31.03.2025,Adani Renewable Energy Holding Twelve Limited,2200001908,,400.0,Barmer-IV,Rajasthan,NR,"Generating station, including REGS, without ESS through a lead generator",303.0,38.0,28.05.2025,,303.33,,Solar,,Granted,303.0,31.12.2031,No,,,31.12.2026,,"EL-3D744, EL-9C614","EL-99F64, EL-C2F66, EL-B1EED, EL-099D8, EL-F11A2, EL-5523F, EL-1D2C6, EL-0BF7F, EL-4B103, EL-7448F",LOA or PPA,True,
,29.04.2025,BBMB,2200001987,,132.0,Bhiwani (Bbmb),Haryana,NR,"Generating station, including REGS, without ESS",10.0,38.0,28.05.2025,,10.0,,Solar,,Granted,10.0,,,,,30.06.2025,,,,Land Route,True,10.0
,29.04.2025,BBMB,2200001993,,33.0,Hissar (Bbmb),Haryana,NR,"Generating station, including REGS, without ESS",1.5,38.0,28.05.2025,,1.5,,Solar,,Granted,1.5,,,,,30.06.2025,,,"EL-04AC2, EL-EBDC5, EL-0C837, EL-4EBF7, EL-533DB, EL-BE348, EL-ACF06, EL-91097, EL-45851, EL-84FCA, EL-351AC, EL-E38FB, EL-59FBE, EL-E8413, EL-061BF, EL-C89F0, EL-B952F, EL-A759C, EL-8A81E, EL-D728A, EL-55A86, EL-AF914, EL-FC5A4, EL-3DB08, EL-2414E, EL-E6D62, EL-A1CC6, EL-23566, EL-12F57, EL-3EC3F",Land Route,True,1.5
2200001677,21.01.2025,Juniper Green Stellar Private Limited,1200003827,412100009,,Fatehgarh-IV,Rajasthan,NR,Generator (Hybrid),150.0,38.0,28.05.2025,27.5,50.0,50.0,Hybrid,30.04.2026,Granted,150.0,30.04.2026,No,127.5,,,,,,,True,
2200001677,,Juniper Green Stellar Private Limited,1200003910,412100009,,Fatehgarh-IV,Rajasthan,NR,,,,,,,,,,Granted,,,,,True,,,,,,,
2200001677,,Juniper Green Stellar Private Limited,1200003958,412100009,,Fatehgarh-IV,Rajasthan,NR,,,,,,,,,,Granted,,,,,True,,,,,,,
2200001677,,Juniper Green Stellar Private Limited,312100010,412100009,,Fatehgarh-IV,Rajasthan,NR,,,,,,,,,,Granted,,,,,True,,,,,,,
2200001677,,Juniper Green Stellar Private Limited,312100012,412100009,,Fatehgarh-IV,Rajasthan,NR,,,,,,,,,,Granted,,,,,True,,,,,,,
2200001678,21.01.2025,Juniper Green Stellar Private Limited,1200003827,412100010,,Fatehgarh-IV,Rajasthan,NR,Generator (Hybrid),150.0,38.0,28.05.2025,27.5,50.0,20.0,Hybrid,30.04.2026,Granted,150.0,30.04.2026,No,,,,,,,,True,
2200001678,,Juniper Green Stellar Private Limited,1200003910,412100010,,Fatehgarh-IV,Rajasthan,NR,,,,,,,,,,Granted,,,,,True,,,,,,,
2200001678,,Juniper Green Stellar Private Limited,1200003958,412100010,,Fatehgarh-IV,Rajasthan,NR,,,,,,,,,,Granted,,,,,True,,,,,,,
2200001678,,Juniper Green Stellar Private Limited,312100010,412100010,,Fatehgarh-IV,Rajasthan,NR,,,,,,,,,,Granted,,,,,True,,,,,,,
2200001678,,Juniper Green Stellar Private Limited,312100012,412100010,,Fatehgarh-IV,Rajasthan,NR,,,,,,,,,,Granted,,,,,True,,,,,,,
2200001828,09.03.2025,ABREL (RJ) Projects Limited,2200000140,,,Fatehgarh-III,Rajasthan,NR,Captive generating plant,260.0,38.0,28.05.2025,,260.0,52.7,Hybrid,22.08.2026,Granted,260.0,,,,,,,,,,True,
2200001843,13.03.2025,ACME Solar Holdings Limited,1200003683,,,Bikaner-II,Rajasthan,NR,"Generating station(s), including REGS(s), without ESS",300.0,38.0,28.05.2025,300.0,300.0,,Solar+BESS,31-03-2027,Applied,,,,,,,,,,,True,300.0
2200001851,18.03.2025,ACME Cleantech Solutions Private Limited,2200000008,,,Bikaner-III,Rajasthan,NR,"Generating station(s), including REGS(s), without ESS",300.0,38.0,28.05.2025,300.0,300.0,,Solar+BESS,31-03-2027,Withdrawn,,,,,,,,,,,True,300.0
,14.10.2024,Avaada Energy Private Limited,2200001352,,,Barmer-II,Rajasthan,NR,Generator,750.0,37.0,27.03.2025,,750.0,,Solar,,Granted,750.0,30.09.2030,No,,,31.03.2027,,EL-8229B,"EL-DB975, EL-D0DE2, EL-9AAB9, EL-97D7E, EL-C5217, EL-CFCC2, EL-141F6",NHPC LOA,,
,29.10.2024,Sprng Green Energy 4 Private Limited,2200001417,,220.0,Bhadla-V,Rajasthan,NR,Generator,400.0,37.0,27.03.2025,,400.0,,Solar,,Granted,400.0,30.06.2031,No,,,30.06.2029,,EL-CB8FF,"EL-1A6F4, EL-2F7DB, EL-A9814, EL-4AEF9, EL-2D90B, EL-5523F, EL-75882, EL-0BF7F, EL-65D44",Land BG Route,,
,30.10.2024,Azure Power Fifty One Private Limited,2200001420,,400.0,Bhadla-V,Rajasthan,NR,Generator,600.0,37.0,27.03.2025,,600.0,,Solar,,Granted,600.0,,,,,31.12.2029,,,"EL-1A6F4, EL-2F7DB, EL-A9814, EL-4AEF9, EL-2D90B, EL-5523F, EL-75882, EL-0BF7F, EL-65D44",Land Route,,
,30.10.2024,Avaada Energy Private Limited,2200001422,,400.0,Barmer-III,Rajasthan,NR,Generator,800.0,37.0,27.03.2025,,,,Solar+BESS,,Granted,800.0,30.09.2030,No,,,30.06.2027,,EL-8229B,"EL-DB975, EL-D0DE2, EL-9AAB9, EL-97D7E, EL-C5217, EL-CFCC2, EL-141F6",SJVN LOA,,
,04-11-2024,Pokhran Wind Energy Private Limited,2200001440,,220.0,Barmer-III,Rajasthan,NR,Generator,99.0,37.0,27.03.2025,,,99.0,Wind,,Granted,99.0,30.09.2030,No,,,31-01-2027,,,"EL-DB975, EL-D0DE2, EL-9AAB9, EL-97D7E, EL-C5217, EL-CFCC2, EL-141F6",Land BG Route,,
,06-11-2024,Hexa Climate Solutions Private Limited,2200001441,,,Bikaner-I,Rajasthan,NR,Generator,50.0,37.0,27.03.2025,,50.0,,Solar,,Withdrawn,0.0,,,,,31-03-2026,,,,Land BG Route,,
,07-11-2024,Aditya Birla Renewables Limited,2200001446,,220.0,Barmer-III,Rajasthan,NR,Generator,50.0,37.0,27.03.2025,,,,Hybrid,,Granted,50.0,30.09.2030,No,50.0,,15-06-2027,,"EL-0D343, EL-4A753","EL-DB975, EL-D0DE2, EL-9AAB9, EL-97D7E, EL-C5217, EL-CFCC2, EL-141F6",Land BG Route,,
,09-11-2024,TEQ Green Power XIII Private Limited,2200001449,,,Barmer-III,Rajasthan,NR,Generator,50.0,37.0,27.03.2025,,50.0,,Solar,,Withdrawn,0.0,,,,,30-11-2026,,,,REMCL LOA,,
,12-11-2024,Avaada Energy Private Limited,2200001464,,400.0,Bhadla-V,Rajasthan,NR,Generator,1000.0,37.0,27.03.2025,,1000.0,,Solar,,Granted,1000.0,30.06.2031,No,,,30-06-2027,,EL-B2D1F,"EL-1A6F4, EL-2F7DB, EL-A9814, EL-4AEF9, EL-2D90B, EL-5523F, EL-75882, EL-0BF7F, EL-65D44",NHPC LOA,,
,22-11-2024,Renew Solar Power Private Limited,2200001503,,400.0,Barmer-III,Rajasthan,NR,Generator,300.0,37.0,27.03.2025,,300.0,,Solar,,Granted,300.0,30.09.2030,No,,,31-01-2027,,EL-CB5D8,"EL-DB975, EL-D0DE2, EL-9AAB9, EL-97D7E, EL-C5217, EL-CFCC2, EL-141F6",NTPC LOA,,
,28-11-2024,Tata Power Renewable Energy Limited,2200001523,,220.0,Ramgarh-II,Rajasthan,NR,Generator,300.0,37.0,27.03.2025,,,300.0,Wind,,Granted,300.0,31.03.2030,No,,,31-03-2027,,EL-95044,"EL-8D0F7, EL-02E09, EL-6ACC9, EL-30AD5, EL-FA27C, EL-C5217, EL-6EB09, EL-141F6, EL-A6B97",Land BG Route,,
,10-12-2024,Apraava Energy Private Limited,2200001557,,220.0,Barmer-III,Rajasthan,NR,Generator,300.0,37.0,27.03.2025,,300.0,,Solar,,Granted,300.0,30.09.2030,No,,,31-12-2027,,EL-0F451,"EL-DB975, EL-D0DE2, EL-9AAB9, EL-97D7E, EL-C5217, EL-CFCC2, EL-141F6",Land BG Route,,
,28-12-2024,Unique Hytech Renewable Energy Private Limited,2200001622,,400.0,Barmer-III,Rajasthan,NR,Generator),1000.0,37.0,27.03.2025,,,,Hybrid,,Granted,1000.0,30.09.2030,No,1000.0,,31-07-2030,,"EL-0D343, EL-4A753","EL-DB975, EL-D0DE2, EL-9AAB9, EL-97D7E, EL-C5217, EL-CFCC2, EL-141F6",Land BG Route,,
,30.09.2024,TEQ Green Power IX Private Limited,2200001300,,,Barmer-I,Rajasthan,NR,Generator,208.5,36.0,15.01.2025,,208.5,,Solar,,Granted,208.5,30.09.2030,No,,,15.06.2027,,"EL-A5E2F, EL-06A29","EL-DB975, EL-B5AA8, EL-9AAB9, EL-97D7E, EL-C5217, EL-CFCC2, EL-141F6",LoA or PPA,,
,03.10.2024,Avaada Rjbikaner Private Limited,2200001326,,220.0,Bikaner-V,Rajasthan,NR,Generator,940.0,36.0,15.01.2025,,940.0,,Solar,,Granted,940.0,31.03.2030,No,,,31.12.2026,,EL-32645,"EL-33D77, EL-E354F, EL-85255, EL-26318, EL-83F06, EL-B8D32, EL-23675, EL-9893C, EL-745F8, EL-A346C, EL-E5FDE",Land Route,,
,04.10.2024,Avaada Rjsustainable Private Limited,2200001316,,400.0,Bhadla-IV,Rajasthan,NR,Generator,660.0,36.0,15.01.2025,,660.0,,Solar,,Granted,660.0,31.03.2030,No,,,31.12.2026,,EL-1AD83,"EL-06F96, EL-9267B, EL-26318, EL-69247, EL-38F14, EL-A4C5F, EL-F3CE8, EL-65D44",Land Route,,
,14.10.2024,Avaada Energy Private Limited,2200001353,,400.0,Bikaner-V,Rajasthan,NR,Generator,350.0,36.0,15.01.2025,,350.0,,Solar,,Granted,350.0,31.03.2030,No,,,31.03.2027,,EL-BE882,"EL-33D77, EL-E354F, EL-85255, EL-26318, EL-83F06, EL-B8D32, EL-23675, EL-9893C, EL-745F8, EL-A346C, EL-E5FDE",NHPC LOA,,
,14.10.2024,Avaada Energy Private Limited,2200001352,,,Barmer-II,Rajasthan,NR,Generator,750.0,36.0,15.01.2025,,750.0,,Solar,,Granted,750.0,,,,,31.03.2027,,,,NHPC LOA,,
,18.10.2024,Acme Gamma Urja Private Limited,2200001366,,220.0,Barmer-III,Rajasthan,NR,Generator,350.0,36.0,15.01.2025,,350.0,,Solar,,Granted,350.0,30.09.2030,No,,,31.12.2026,,EL-A6DAA,"EL-DB975, EL-B5AA8, EL-9AAB9, EL-97D7E, EL-C5217, EL-CFCC2, EL-141F6",Land Route,,
,22.10.2024,Junachay Wind Energy Private Limited,2200001382,,220.0,Barmer-III,Rajasthan,NR,Generator,100.0,36.0,15.01.2025,,,100.0,Wind,,Granted,100.0,30.09.2030,No,,,01.04.2027,,"EL-145D8, EL-BCB58","EL-8D0F7, EL-A6B97, EL-02E09, EL-6ACC9, EL-30AD5, EL-FA27C, EL-C5217, EL-6EB09, EL-141F6",Land BG Route,,
,22.10.2024,Dharvi Kalan Wind Energy Private Limited,2200001391,,220.0,Barmer-III,Rajasthan,NR,Generator,100.0,36.0,15.01.2025,,,100.0,Wind,,Granted,100.0,30.09.2030,No,,,01.04.2027,,EL-3DB34,"EL-8D0F7, EL-A6B97, EL-02E09, EL-6ACC9, EL-30AD5, EL-FA27C, EL-C5217, EL-6EB09, EL-141F6",Land BG Route,,
,22.10.2024,Dangri Wind Energy Private Limited,2200001390,,220.0,Barmer-III,Rajasthan,NR,Generator,100.0,36.0,15.01.2025,,,100.0,Wind,,Granted,100.0,30.09.2030,No,,,01.04.2027,,"EL-145D8, EL-BCB58","EL-8D0F7, EL-A6B97, EL-02E09, EL-6ACC9, EL-30AD5, EL-FA27C, EL-C5217, EL-6EB09, EL-141F6",Land BG Route,,
,23.10.2024,Rohat Solar Park Private Limited,2200001372,,220.0,Barmer-III,Rajasthan,NR,Renewable Power Park developer,350.0,36.0,15.01.2025,,350.0,,Solar,,Granted,350.0,30.09.2030,No,,,31.12.2027,,EL-1CC5F,"EL-DB975, EL-B5AA8, EL-9AAB9, EL-97D7E, EL-C5217, EL-CFCC2, EL-141F6",Land Route,,
,24.10.2024,Hexa Climate Solutions Private Limited,2200001396,,220.0,Fatehgarh-III,Rajasthan,NR,"Generating station, including REGS, with ESS",50.0,36.0,15.01.2025,,,,Solar+BESS,,Granted,50.0,31.03.2027,No,,,31.10.2026,,"EL-6F9F6, EL-9EA33","EL-AB6F6, EL-04FBF, EL-E0593, EL-F7E56, EL-16E88, EL-58D2D, EL-9822D, EL-9770C, EL-DC188, EL-18929, EL-09B1D, EL-5EDC4, EL-A6F76, EL-A83CD, EL-417DD, EL-32FE8, EL-A495D, EL-74937, EL-84603, EL-06311, EL-7D000, EL-89109, EL-D7C90, EL-A7856, EL-20610, EL-9F569, EL-4B418, EL-FD36A, EL-6F66E, EL-8A11A, EL-F1096",Land BG Route,,
,24.10.2024,Enren-IV Energy Private Limited,2200001398,,220.0,Barmer-III,Rajasthan,NR,Generator,300.0,36.0,15.01.2025,,300.0,,Solar,,Granted,300.0,30.09.2030,No,,,30.08.2027,,EL-BF27C,"EL-DB975, EL-B5AA8, EL-9AAB9, EL-97D7E, EL-C5217, EL-CFCC2, EL-141F6",Land BG Route,,
,25.10.2024,Aright Foods And Energy Private Limited,2200001404,,400.0,Bhadla-IV,Rajasthan,NR,Renewable Power Park developer,2000.0,36.0,15.01.2025,,2000.0,,Solar,,Granted,2000.0,31.03.2030,No,,,30.09.2027,,EL-E4838,"EL-06F96, EL-9267B, EL-26318, EL-69247, EL-38F14, EL-A4C5F, EL-F3CE8, EL-65D44",Land Route,,
,26.10.2024,Unique Hytech Renewable Energy Private Limited,2200001407,,220.0,Barmer-III,Rajasthan,NR,Generator,150.0,36.0,15.01.2025,,,150.0,Wind,,Granted,150.0,30.09.2030,No,,,31.10.2029,,"EL-A5E2F, EL-06A29","EL-DB975, EL-B5AA8, EL-9AAB9, EL-97D7E, EL-C5217, EL-CFCC2, EL-141F6",Land Route,,
,29.10.2024,Sprng Green Energy 4 Private Limited,2200001417,,,Bhadla-IV,Rajasthan,NR,Generator,400.0,36.0,15.01.2025,,400.0,,Solar,,Applied,,,,,,30.06.2029,,,,Land BG Route,,
,30.10.2024,Azure Power Fifty One Private Limited,2200001420,,,Bhadla-IV,Rajasthan,NR,Generator,600.0,36.0,15.01.2025,,600.0,,Solar,,Applied,,,,,,31.12.2029,,,,Land Route,,
,30.10.2024,Avaada Energy Private Limited,2200001422,,,Barmer-II,Rajasthan,NR,"Generating station, including REGS, with ESS",800.0,36.0,15.01.2025,,,,Solar+BESS,,Granted,800.0,,,,,30.06.2027,,,,SJVN LOA,,
2200001376,18.10.2024,Acme Solar Holdings Limited,1200001602,,,Fatehgarh-I,Rajasthan,NR,Standalone ESS,300.0,36.0,15.01.2025,300.0,,,BESS,31.12.2026,Granted,300.0,,,,,,,,,,True,
2200001377,18.10.2024,Acme Solar Holdings Limited,1200001603,,,Fatehgarh-I,Rajasthan,NR,Standalone ESS,300.0,36.0,15.01.2025,300.0,,,BESS,31.12.2026,Granted,300.0,,,,,,,,,,True,
2200001378,18.10.2024,Acme Solar Holdings Limited,1200001643,,,Fatehgarh-I,Rajasthan,NR,Standalone ESS,300.0,36.0,15.01.2025,300.0,,,BESS,31.12.2026,Granted,300.0,,,,,,,,,,True,
2200001379,18.10.2024,Acme Solar Holdings Limited,1200001642,,,Fatehgarh-I,Rajasthan,NR,Standalone ESS,300.0,36.0,15.01.2025,300.0,,,BESS,31.12.2026,Granted,300.0,,,,,,,,,,True,
2200001385,21.10.2024,Acme Heergarh Powertech Pvt. Limited,1200002471,,220.0,Bhadla-II,Rajasthan,NR,Standalone ESS,300.0,36.0,15.01.2025,300.0,300.0,,Solar+BESS,30.06.2026,Applied,,,,,,,,,,,True,
